name,price,price_was,notice
*Pre-Order* Vaalbara,16.90,-1,£-1 & None
*Pre-Order* Oink Games Make the Difference,23.90,-1,£-1 & None
Stomp The Plank,23.90,-1,£-1 & None
"Suspects 2 Claire Harper, Eternal Detective",22.90,-1,£-1 & None
Gosu X,28.90,-1,£-1 & None
In the Footsteps of Darwin,29.90,-1,£-1 & None
After Us,39.90,-1,£-1 & None
Critical-Sanctuary Season 1,26.90,-1,£-1 & None
My City: Roll & Build,12.90,-1,£-1 & None
My City,25.90,-1,£-1 & None
*DAMAGED BOX* Pandemic Board Game,17.90,9,£9 & None
Dorfromantik: The Board Game,29.90,-1,£-1 & None
*DAMAGED BOX* Candy Lab,12.99,6,£6 & None
*DAMAGED BOX* Revive,49.90,15,£15 & None
*DAMAGED BOX* Suspects,17.90,5,£5 & None
Casting Shadows: Ice Storm expansion,19.90,-1,£-1 & None
Nimalia,18.90,-1,£-1 & None
*DAMAGED BOX* Roll For It! Red Edition,14.90,3,£3 & None
Star Fighters: Rapid Fire,22.90,-1,£-1 & None
Autobahn,54.90,-1,£-1 & None
Atmosfear 30th Anniversary Edition,69.90,-1,£-1 & None
Unmatched: Marvel Brains and Brawn,34.90,-1,£-1 & None
Inside Job,13.90,-1,£-1 & None
Savernake Forest,17.90,-1,£-1 & None
EXIT Advent Calendar: The Silent Storm,29.99,-1,£-1 & None
EXIT: The Disappearance of Sherlock Holmes,13.90,-1,£-1 & None
Ierusalem: Anno Domini,54.90,-1,£-1 & None
Hamlet: The Village Building Game,44.90,-1,£-1 & None
Evolution: New World,39.90,-1,£-1 & None
EXIT: The Professor's Last Riddle,13.90,-1,£-1 & None
The Crew: Mission Deep Sea,12.90,-1,£-1 & None
The Adventures of Robin Hood,31.90,-1,£-1 & None
Dodo,24.90,-1,£-1 & None
Lacrimosa,49.90,-1,£-1 & None
Bamboo,31.90,-1,£-1 & None
Azul Mini,18.90,-1,£-1 & None
Stuffed Fables,54.90,-1,£-1 & None
Stella-Dixit Universe,27.90,-1,£-1 & None
Fungi,12.90,-1,£-1 & None
Arkham Horror: Road to Innsmouth – Deluxe Edition,39.90,-1,£-1 & None
7 Wonders: Edifice Expansion,18.90,-1,£-1 & None
Frostpunk: The Board Game – Frostlander,18.90,-1,£-1 & None
Dungeons & Dragons: The Yawning Portal,39.90,-1,£-1 & None
Star Wars Jabba's Palace: A Love Letter Game,14.90,-1,£-1 & None
Living Forest Expansion: Kodama,23.90,-1,£-1 & None
Unmatched: Marvel For King and Country,34.90,-1,£-1 & None
Get on Board: Paris and Rome,21.90,-1,£-1 & None
Next Station Tokyo,12.99,-1,£-1 & None
Sub Terra II: Inferno's Edge,37.90,-1,£-1 & None
Marvel Champions: Rogue,15.90,-1,£-1 & None
Casting Shadows,26.90,-1,£-1 & None
You Lying Sack,19.90,-1,£-1 & None
Dog Park - Standard Edition,39.90,-1,£-1 & None
Disney Labyrinth 100th Anniversary,27.90,-1,£-1 & None
Lands of Galzyr: Playmat & Bag,24.99,-1,£-1 & None
My Lil' Everdell,39.90,-1,£-1 & None
*DAMAGED BOX* Deal with the Devil,34.90,28,£28 & None
Disney Tim Burton's The Nightmare Before Christmas Merry Madness,22.90,-1,£-1 & None
My First Carcassonne,29.90,-1,£-1 & None
Beer & Bread,29.90,-1,£-1 & None
Terra Nova,42.90,-1,£-1 & None
Viticulture: Essential Edition,42.90,-1,£-1 & None
Catan Junior,29.90,-1,£-1 & None
My Little Scythe,39.90,-1,£-1 & None
Katamino Game,33.90,-1,£-1 & None
Marvel Champions: Gambit Hero Pack,15.90,-1,£-1 & None
Mojomania Scenario Pack: Marvel Champions,19.90,-1,£-1 & None
Wonder Book,64.90,-1,£-1 & None
Diplomacy (2022 edition),34.90,-1,£-1 & None
Arcadia Quest,79.90,-1,£-1 & None
Ankh Gods of Egypt,69.90,-1,£-1 & None
*Pre-Order* Oink Games Scout,18.90,-1,£-1 & None
Oink Games Hey Yo,18.90,-1,£-1 & None
Oink Games Durian,18.90,-1,£-1 & None
Oink Games Nine Tiles Panic,23.90,-1,£-1 & None
Oink Games Fafnir,18.90,-1,£-1 & None
*Pre-Order* Oink Games Town 66,18.90,-1,£-1 & None
Oink Games  A Fake Artist Goes to New York,18.90,-1,£-1 & None
Oink Games Flotsam Fight,18.90,-1,£-1 & None
Mysterium Kids : Captain Echo’s Treasure,24.90,-1,£-1 & None
Jungle Hat Dunny Star Hammock,4.99,8,£8 & None
Hiroba,19.90,-1,£-1 & None
CoraQuest,34.90,-1,£-1 & None
Deadly Dinner: Killing Woodstock,29.90,-1,£-1 & None
Horizons Of Spirit Island,29.90,-1,£-1 & None
Splendor Duel,20.90,-1,£-1 & None
Between Two Cities Essential Edition,44.90,-1,£-1 & None
Star Wars™: The Clone Wars,54.90,-1,£-1 & None
MicroMacro: Crime City 3 – All In,24.90,-1,£-1 & None
Ticket To Ride-Ghost Train (First Journey),25.90,-1,£-1 & None
Flamecraft,32.90,-1,£-1 & None
Wormholes,39.90,-1,£-1 & None
Disney Villains Labyrinth,24.90,-1,£-1 & None
Unmatched – Houdini vs. The Genie,25.90,-1,£-1 & None
Marvel Dice Throne  2-Hero Box (Black Widow vs Doctor Strange),26.90,-1,£-1 & None
Marvel Dice Throne 2-Hero Box (Captain Marvel vs Black Panther),26.90,-1,£-1 & None
Destinies,42.90,-1,£-1 & None
Akropolis,23.90,-1,£-1 & None
Qwirkle Bonus Pack,9.99,-1,£-1 & None
Grand Austria Hotel,44.90,-1,£-1 & None
King of Monster Island,44.90,-1,£-1 & None
Horrified: American Monsters,33.90,-1,£-1 & None
Unmatched – Jurassic Park: Dr Sattler vs T-Rex,27.90,-1,£-1 & None
Unmatched – Jurassic Park: Ingen VS. Raptors,27.90,-1,£-1 & None
Smash Up: Disney Edition,29.90,-1,£-1 & None
Eternal Palace,24.90,15,£15 & None
The Taverns of Tiefenthal: Open Doors Expansion,19.90,-1,£-1 & None
The Taverns of Tiefenthal,36.90,-1,£-1 & None
Get on Board: New York & London,21.90,-1,£-1 & None
Shamans,19.90,-1,£-1 & None
Varuna / Demeter 2,24.90,-1,£-1 & None
Demeter,24.90,-1,£-1 & None
Oltree,49.90,-1,£-1 & None
Ticket To Ride Map Collection: Poland,19.90,-1,£-1 & None
Quacks & Co. Quedlinburg Dash!,26.90,-1,£-1 & None
Doctor Who: Don't Blink,23.90,-1,£-1 & None
Crazy Tower,18.90,-1,£-1 & None
Royal Visit,19.99,-1,£-1 & None
Roll For It! Purple Edition,17.90,-1,£-1 & None
Unlock 6! Timeless Adventures,24.90,-1,£-1 & None
Unmatched – Battle of Legends Volume 2,32.90,-1,£-1 & None
Chronicles of Crime: 2400,22.99,-1,£-1 & None
Unmatched: Marvel Hell's Kitchen,34.90,-1,£-1 & None
Unmatched: Marvel Redemption Row,34.90,-1,£-1 & None
Risk Legacy (2022 Edition),49.90,-1,£-1 & None
Beat That! The Bonkers Battle of Wacky Challenges,22.90,-1,£-1 & None
What do you Meme? TikTok Edition Adult Party Game,23.90,-1,£-1 & None
Bureau of Investigation: Sherlock Holmes Consulting Detective,34.90,-1,£-1 & None
Happy Little Dinosaurs Dating Disasters Expansion,9.90,3.09,£3.09 & None
Here to Slay Berserker & Necromancer Expansion,9.90,3.09,£3.09 & None
Unlock 9! Legendary Adventures,24.90,-1,£-1 & None
Talisman: Star Wars,39.90,15,£15 & None
Teenage Mutant Ninja Turtles Turtle Power Card Game,9.90,4,£4 & None
Monopoly Deal,5.99,-1,£-1 & None
Hungry Hippos Launchers,9.90,12,£12 & None
Dune: Betrayal,9.99,7.91,£7.91 & None
Risk (Refresh),29.90,-1,£-1 & None
Trivial Pursuit Master Edition,39.90,-1,£-1 & None
Scrabble Star Wars Edition,14.90,10.09,£10.09 & None
Fox in the Forest,15.90,-1,£-1 & None
Gathering of the Wicked Werewolves-Disney Villans,9.99,-1,£-1 & None
The Initiative,49.90,-1,£-1 & None
Don't Get Got (2021 Edition),19.99,-1,£-1 & None
What Came First?,9.90,10,£10 & None
Weird Things Humans Search For,14.90,5.09,£5.09 & None
Cascadia,32.90,-1,£-1 & None
The Princess Bride Adventure Book Game,29.99,-1,£-1 & None
Kim-Joy's Magic Bakery,18.90,-1,£-1 & None
Unmatched – Beowulf vs Little Red Riding Hood,22.90,-1,£-1 & None
Kingdomino Origins,23.90,-1,£-1 & None
Talisman: Harry Potter,39.90,15,£15 & None
Unmatched – Cobble and Fog,29.90,-1,£-1 & None
Unmatched – Battle of Legends,32.90,-1,£-1 & None
MicroMacro: Crime City - Full House,24.90,-1,£-1 & None
The Goonies: Escape with One-Eyed Willy's Rich Stuff - A Coded Chronicles Game,28.90,-1,£-1 & None
Unlock 2! Mystery Adventures,24.90,-1,£-1 & None
Unlock 3! Secret Adventures,24.90,-1,£-1 & None
Unlock 4! Exotic Adventures,24.90,-1,£-1 & None
Unlock 5! Heroic Adventures,24.90,-1,£-1 & None
Unlock 7! Epic Adventures,24.90,-1,£-1 & None
Boggle Classic,7.90,3,£3 & None
OK Play,12.99,-1,£-1 & None
Colour Brain,23.90,-1,£-1 & None
Blockbuster Game,18.90,-1,£-1 & None
Takenoko,29.90,-1,£-1 & None
Tea For 2,17.90,-1,£-1 & None
Aliens: Another Glorious Day in the Corps (2023 Edition),49.90,-1,£-1 & None
MicroMacro: Crime City,24.90,-1,£-1 & None
Bandido,10.99,-1,£-1 & None
Unlock! Star Wars Escape Game,29.90,-1,£-1 & None
Patchwork,17.90,-1,£-1 & None
Vienna Connection,29.90,10,£10 & None
Power Rangers Deck-Building Game,24.90,15,£15 & None
The Umbrella Academy Game,12.90,10,£10 & None
Block Mania,19.90,10,£10 & None
Fiesta De Los Muertos,12.90,10,£10 & None
Azul: Stained Glass Of Sintra,32.90,-1,£-1 & None
Unlock 8! Mythic Adventures,24.90,-1,£-1 & None
Sushi Go Party!,21.90,-1,£-1 & None
Outfoxed!,18.90,-1,£-1 & None
Fort,24.90,-1,£-1 & None
Zombie Teenz Evolution,23.90,-1,£-1 & None
Decrypto,19.90,-1,£-1 & None
Operation Pet Scan,9.90,10.09,£10.09 & None
Ticket To Ride Amsterdam,18.99,-1,£-1 & None
*DAMAGED CASE* Dobble 360,8.90,13,£13 & None
Mr Wolf,19.99,-1,£-1 & None
Qwirkle,22.90,-1,£-1 & None
Sushi Go!,13.90,-1,£-1 & None
In For A Penny,24.90,-1,£-1 & None
Forbidden Island,19.90,-1,£-1 & None
Zombie Kidz Evolution,18.90,-1,£-1 & None
The Mind,9.90,-1,£-1 & None
Kingdomino,16.99,-1,£-1 & None
Star Wars IX The Rise of Skywalker Labyrinth,24.90,-1,£-1 & None
Disney Hocus Pocus: The Game,24.99,-1,£-1 & None
Ticket To Ride Europe,36.90,-1,£-1 & None
Splendor,24.90,-1,£-1 & None
Brainbox ABC,4.90,4,£4 & None
Splendor: Marvel Edition,28.99,-1,£-1 & None
Catan (2015 Refresh),32.90,-1,£-1 & None
Azul,34.90,-1,£-1 & None
"Hey, That's My Fish!",13.90,-1,£-1 & None
Codenames,15.90,-1,£-1 & None
221B BAKER STREET: THE SHERLOCK HOLMES MASTER DETECTIVE GAME,21.90,-1,£-1 & None
Disney Villainous Game,29.99,-1,£-1 & None
Chess,1.99,1.91,£1.91 & None
Classic Card Travel Game Connect 4,4.99,-1,£-1 & None
Guess Who Travel Grab & Go,5.99,-1,£-1 & None
Escape The Dark Castle,26.90,-1,£-1 & None
Top Trumps WWE,4.99,-1,£-1 & None
Battleship Travel Grab And Go,5.99,-1,£-1 & None
Connect 4 Travel Grab And Go,5.99,-1,£-1 & None
Monopoly Travel Grab And Go,5.99,-1,£-1 & None
Carcassonne (2015 Edition),28.90,-1,£-1 & None
Unstable Unicorns,19.99,-1,£-1 & None
Mysterium,29.90,-1,£-1 & None
Battleship Shots,9.90,10.09,£10.09 & None
Trivial Pursuit Family Edition,27.99,-1,£-1 & None
Swinging Sloths Game,6.99,-1,£-1 & None
Ludo,1.99,1.91,£1.91 & None
Hashtag The Card Game,4.99,4,£4 & None
Connect 4 Grid,12.99,-1,£-1 & None
Blokus,24.99,-1,£-1 & None
Mouse Trap Board Game,23.90,-1,£-1 & None
*Due Soon* Marine Worlds: Ark Nova Expansion,37.90,-1,£-1 & Coming Soon
*DAMAGED BOX* Quest For El Dorado (2023 Edition),29.90,10,£10 & Sold Out
*Due Soon* Pyramido,29.90,-1,£-1 & Coming Soon
*Due Soon* Sushi Go! Spin Some for Dim Sum,23.90,-1,£-1 & Coming Soon
*Due Soon* Forbidden Jungle,32.90,-1,£-1 & Coming Soon
*Due Soon* MLEM: Space Agency,26.90,-1,£-1 & Coming Soon
*Due Soon* Cosmoctopus,34.90,-1,£-1 & Coming Soon
*Due Soon* Sleeping Gods: Distant Skies,89.90,-1,£-1 & Coming Soon
*Due Soon*  Unlock 11! Extraordinary Adventures,25.90,-1,£-1 & Coming Soon
*Due Soon* Tiny Epic Crimes,26.90,-1,£-1 & Coming Soon
*Due Soon* Ticket To Ride: Berlin,19.90,-1,£-1 & Coming Soon
*Due Soon* Ticket to Ride Legacy: Legends of the West,84.90,-1,£-1 & Coming Soon
*Due Soon* Cascadia: Landmarks (Cascadia Expansion),31.90,-1,£-1 & Coming Soon
Thunder Road: Vendetta,49.90,-1,£-1 & Sold Out
My Shelfie,32.90,-1,£-1 & Sold Out
*Due Soon* Earth,49.90,-1,£-1 & Coming Soon
*Due Soon*  Lost Ruins of Arnak: The Missing Expedition,25.90,-1,£-1 & Coming Soon
*Due Soon*  Century: Big Box,69.90,-1,£-1 & Coming Soon
*Due Soon* Dixit: Disney Edition,32.90,-1,£-1 & Coming Soon
*Due Soon* Unmatched Adventures: Tales to Amaze,59.90,-1,£-1 & Coming Soon
*Due Soon* My Island,33.90,-1,£-1 & Coming Soon
Lord of the Rings Adventure Book Game,32.90,-1,£-1 & Sold Out
Tiny Epic Vikings,26.90,-1,£-1 & Sold Out
Rallyman: DIRT,56.90,-1,£-1 & Sold Out
Bitoku,34.90,-1,£-1 & Sold Out
Tribes of The Wind,39.90,-1,£-1 & Sold Out
Flamme Rouge,34.90,-1,£-1 & Sold Out
*Due Soon* Hitster,22.90,-1,£-1 & Coming Soon
Radlands (Retail Edition),19.90,-1,£-1 & Sold Out
Brass: Birmingham,62.90,-1,£-1 & Sold Out
Frostpunk: The Board Game,79.90,-1,£-1 & Coming Soon
Lofoten,24.90,-1,£-1 & Coming Soon
Tokaido Duo,17.90,-1,£-1 & Coming Soon
Unmatched: Marvel Teen Spirit,34.90,-1,£-1 & Sold Out
*Due Soon*  Cthulhu: Death May Die – Season 4 Expansion,74.90,-1,£-1 & Coming Soon
Planet Unknown,74.90,-1,£-1 & Sold Out
Oros,39.90,-1,£-1 & Sold Out
Dog Park: European Dogs Expansion,8.90,-1,£-1 & Coming Soon
Dog Park: Famous Dogs Expansion,8.90,-1,£-1 & Coming Soon
*Due Soon* Cat in the Box: Deluxe Edition,27.90,-1,£-1 & Coming Soon
*Due Soon*  Cthulhu: Death May Die – Fear of the Unknown,109.90,-1,£-1 & Coming Soon
Lands of Galzyr,69.90,-1,£-1 & Coming Soon
*Due Soon* Encyclopedia,56.90,-1,£-1 & Coming Soon
Ready Set Bet,34.90,-1,£-1 & Sold Out
*Due Soon* A Feast For Odin,84.90,-1,£-1 & Coming Soon
First Rat,31.90,-1,£-1 & Sold Out
Colt Express: Couriers & Armored Train,26.90,-1,£-1 & Sold Out
Just One,17.90,-1,£-1 & Sold Out
Endless Winter: Paleoamericans,44.90,-1,£-1 & Sold Out
Meadow: Downstream Expansion,25.90,-1,£-1 & Sold Out
Verdant,34.90,-1,£-1 & Sold Out
Creature Comforts,39.90,-1,£-1 & Sold Out
Happy Salmon (Exploding Kittens edition),12.90,-1,£-1 & Sold Out
*Due Soon*  Flashback: Zombie Kidz,23.90,-1,£-1 & Coming Soon
*Due Soon* Turing Machine,27.90,-1,£-1 & Coming Soon
Ark Nova: Zoo Map Pack 1,7.90,-1,£-1 & Sold Out
Clank! Catacombs,54.90,-1,£-1 & Sold Out
Bullet Heart,34.90,-1,£-1 & Sold Out
Sabika,49.90,-1,£-1 & Sold Out
Delicious,23.90,-1,£-1 & Sold Out
Concordia,49.90,-1,£-1 & Sold Out
Streets Board Game,24.90,-1,£-1 & Sold Out
Welcome to the Moon,27.90,-1,£-1 & Sold Out
Critical-Foundation Season 1,26.90,-1,£-1 & Sold Out
Oink Games Moon Adventure,23.90,-1,£-1 & Sold Out
Oink Games  Deep Sea Adventure,18.90,-1,£-1 & Sold Out
Revive,64.90,-1,£-1 & Coming Soon
Wingspan Asia,34.90,-1,£-1 & Sold Out
Star Wars: The Deckbuilding Game,29.90,-1,£-1 & Sold Out
Woodcraft,49.90,-1,£-1 & Coming Soon
Atiwa,52.90,-1,£-1 & Sold Out
*Due Soon* Heat: Pedal To The Metal,59.90,-1,£-1 & Coming Soon
Deal with the Devil,62.90,-1,£-1 & Sold Out
Starship Captains,54.90,-1,£-1 & Sold Out
Tiletum,44.90,-1,£-1 & Sold Out
Grand Austria Hotel: Let's Waltz,32.90,-1,£-1 & Sold Out
Mists Over Carcassonne,33.90,-1,£-1 & Sold Out
Galileo Project,49.90,-1,£-1 & Sold Out
Amelia's Secret,18.90,-1,£-1 & Sold Out
Spirit Island,74.90,-1,£-1 & Sold Out
Cthulhu: Death May Die,99.90,-1,£-1 & Sold Out
Flamecraft: Dragon Miniatures,19.90,-1,£-1 & Sold Out
Flamecraft: Metal Coins,19.90,-1,£-1 & Coming Soon
Flamecraft: Upgraded Wooden Components,19.90,-1,£-1 & Sold Out
Dune: Imperium – Immortality,24.90,-1,£-1 & Sold Out
Unlock 10! Game Adventures,24.90,-1,£-1 & Sold Out
Karen The Game,21.90,-1,£-1 & Sold Out
Squid Game,23.90,-1,£-1 & Sold Out
Wonder Woods,19.90,-1,£-1 & Sold Out
MONOPOLY STRANGER THINGS (2022 Season 4 Edition),31.90,-1,£-1 & Sold Out
Wonderland's War,58.90,-1,£-1 & Sold Out
Mutant Genesis: Marvel Champions,38.90,-1,£-1 & Sold Out
El Dorado Expansion - Heroes and Hexes,19.90,-1,£-1 & Sold Out
The Quest For El Dorado (2023 Edition),39.90,-1,£-1 & Coming Soon
Sleeping Gods: Tides of Ruin,39.90,-1,£-1 & Sold Out
Secret Identity,23.90,-1,£-1 & Sold Out
"Marvel Dice Throne - 4-Hero Box (Scarlet Witch, Thor, Loki, Spider-Man)",44.90,-1,£-1 & Sold Out
"So, You've Been Eaten",19.90,10,£10 & Sold Out
Dinner In Paris,34.90,-1,£-1 & Sold Out
The Castles of Burgundy,37.90,-1,£-1 & Sold Out
Word On The Street,17.90,-1,£-1 & Sold Out
Happy City,17.90,-1,£-1 & Sold Out
Colt Express,26.90,-1,£-1 & Sold Out
Anomia,12.90,-1,£-1 & Sold Out
Floriferous,22.90,-1,£-1 & Sold Out
Ticket To Ride San Francisco,19.90,-1,£-1 & Sold Out
*Due Soon* Caper: Europe,29.90,-1,£-1 & Coming Soon
Last Message,19.90,-1,£-1 & Sold Out
Calico,34.90,-1,£-1 & Sold Out
Ganymede Moon Expansion,16.90,-1,£-1 & Sold Out
Ganymede,27.90,-1,£-1 & Sold Out
Suspects,22.90,-1,£-1 & Sold Out
Stranger Things Attack of the Mind Flayer,18.90,-1,£-1 & Sold Out
Iki,44.90,-1,£-1 & Sold Out
Sobek 2 players,19.99,-1,£-1 & Sold Out
Marrakech,29.90,-1,£-1 & Sold Out
Canvas,34.90,-1,£-1 & Sold Out
Canopy Game,24.90,-1,£-1 & Sold Out
Hadrian's Wall,49.90,-1,£-1 & Sold Out
Magic Maze Kids,27.90,-1,£-1 & Sold Out
Magic Maze,24.90,-1,£-1 & Sold Out
Next Station London,12.99,-1,£-1 & Coming Soon
Betrayal at House on the Hill 3rd Edition,39.99,-1,£-1 & Sold Out
Scythe,59.90,-1,£-1 & Sold Out
Cards Against Humanity UK Edition Adult Party Game,27.90,-1,£-1 & Sold Out
What Do You Meme? Family Edition,19.90,-1,£-1 & Sold Out
What Do You Meme? Adult Party Game UK Edition,24.90,-1,£-1 & Sold Out
What Do You Meme? Fresh Memes Expansion Pack 1,12.99,-1,£-1 & Sold Out
Sleeping Gods,79.90,-1,£-1 & Sold Out
Tiny Epic Dungeons,23.90,-1,£-1 & Sold Out
Dune Imperium: Deluxe Upgrade Pack,64.90,-1,£-1 & Sold Out
Lost Ruins of Arnak: Expedition Leaders,26.90,-1,£-1 & Sold Out
Cockroach Salad Game (Multi Lingual Edition),11.99,-1,£-1 & Sold Out
Ark Nova,54.90,-1,£-1 & Sold Out
Dune: Imperium – Rise of Ix,33.90,-1,£-1 & Sold Out
Talisman: Kingdom Hearts Edition,39.90,15,£15 & Sold Out
Stardew Valley - The Board Game,49.99,-1,£-1 & Sold Out
*Due Soon* Draftosaurus,24.90,-1,£-1 & Coming Soon
The Loop,44.90,-1,£-1 & Sold Out
Azul Queen's Garden,37.90,-1,£-1 & Sold Out
Pokémon Labyrinth,24.90,-1,£-1 & Sold Out
Ghost Stories,34.90,-1,£-1 & Sold Out
Gloom (Second Edition),20.90,-1,£-1 & Sold Out
Furnace,31.90,-1,£-1 & Sold Out
Ticket to Ride Play Pink,4.99,-1,£-1 & Sold Out
7 Wonders: Architects,29.90,-1,£-1 & Sold Out
Ticket To Ride: Nordic Countries,34.90,-1,£-1 & Sold Out
Ticket to Ride: United Kingdom and Pennsylvania- Map Collection Volume 5,29.90,-1,£-1 & Sold Out
Ticket To Ride New York,18.99,-1,£-1 & Sold Out
Unmatched – Robin Hood vs. Big Foot,22.90,-1,£-1 & Sold Out
Glass Road,39.90,-1,£-1 & Sold Out
Machi Koro 2,27.90,-1,£-1 & Sold Out
Ticket to Ride: Japan & Italy - Map Collection Volume 7,32.90,-1,£-1 & Sold Out
Living Forest,26.90,-1,£-1 & Sold Out
Arkham Horror: The Card Game Revised Core Set,49.90,-1,£-1 & Sold Out
The Thing: Infection at Outpost 31 2nd Edition,54.90,-1,£-1 & Sold Out
Unlock 1! Escape Adventures,24.90,-1,£-1 & Sold Out
Blockbuster Returns Game,7.99,4.91,£4.91 & Sold Out
Scrawl Adult Party Game,22.90,-1,£-1 & Sold Out
Muffin Time 2021 Edition,19.99,-1,£-1 & Coming Soon
Top Of The Pops Party Game,19.90,-1,£-1 & Sold Out
Herd Mentality,19.99,-1,£-1 & Sold Out
Exploding Minions,20.99,-1,£-1 & Sold Out
Unfathomable,69.90,-1,£-1 & Sold Out
Hues and Cues,24.90,-1,£-1 & Sold Out
Happy Little Dinosaurs: Perils of Puberty Expansion,12.90,-1,£-1 & Sold Out
Happy Little Dinosaurs: 5-6 Player Expansion,15.90,-1,£-1 & Sold Out
Happy Little Dinosaurs Base Game,19.99,-1,£-1 & Sold Out
Monopoly Jurassic Park,32.99,-1,£-1 & Sold Out
Root: A Game of Woodland Might and Right,47.90,-1,£-1 & Sold Out
Parks: Nightfall Expansion,21.90,-1,£-1 & Sold Out
Jaipur 2nd Edition,18.90,-1,£-1 & Sold Out
A Little Wordy,15.90,-1,£-1 & Sold Out
Tiny Towns,39.90,-1,£-1 & Sold Out
Cockroach Poker,10.49,-1,£-1 & Sold Out
Love Letter,10.90,-1,£-1 & Sold Out
7 Wonders Duel,19.90,-1,£-1 & Sold Out
Codenames: Duet,15.90,-1,£-1 & Sold Out
Under Falling Skies,24.90,-1,£-1 & Sold Out
Lost Ruins of Arnak,49.90,-1,£-1 & Sold Out
Sagrada,29.90,-1,£-1 & Sold Out
Dune: Imperium,46.90,-1,£-1 & Sold Out
The Bloody Inn,18.90,-1,£-1 & Sold Out
The Sock Game,19.90,-1,£-1 & Sold Out
A War Of Whispers (2nd Edition),39.90,-1,£-1 & Sold Out
PARKS,39.90,-1,£-1 & Sold Out
Wingspan European Expansion,19.99,-1,£-1 & Sold Out
Azul: Summer Pavilion,32.90,-1,£-1 & Sold Out
Century-A New World,26.90,-1,£-1 & Sold Out
Roll For It! Red Edition,17.90,-1,£-1 & Sold Out
Cobra Paw,14.50,-1,£-1 & Sold Out
Penguin Pile Up,19.90,-1,£-1 & Sold Out
Too Many Monkeys,12.90,-1,£-1 & Sold Out
Rat-a-Tat Cat,12.50,-1,£-1 & Sold Out
Taco Cat Goat Cheese Pizza,10.90,-1,£-1 & Sold Out
Wingspan Oceania Expansion,27.90,-1,£-1 & Sold Out
New York Zoo,31.90,-1,£-1 & Sold Out
Wingspan (2nd Edition),49.90,-1,£-1 & Sold Out
Jim Henson’s Labyrinth: The Board Game,44.90,-1,£-1 & Sold Out
Marvel Villainous™ Infinite Power,33.90,-1,£-1 & Sold Out
Zoo Run,14.90,-1,£-1 & Sold Out
Go Nuts For Donuts!,15.90,-1,£-1 & Sold Out
Candy Lab,18.99,-1,£-1 & Sold Out
Flip Over Frog,11.90,-1,£-1 & Sold Out
Hi Lo Flip,14.99,-1,£-1 & Sold Out
Meeple Land,34.90,-1,£-1 & Sold Out
Here To Slay Base Game,21.90,-1,£-1 & Sold Out
Machi Koro 5th Anniversary Edition,27.90,-1,£-1 & Sold Out
Everdell,54.90,-1,£-1 & Sold Out
The Mind Extreme,9.99,-1,£-1 & Sold Out
The Quacks of Quedlinburg,34.90,-1,£-1 & Sold Out
King of Tokyo (With Cy-Gul Promo included),27.90,-1,£-1 & Sold Out
Photosynthesis,32.50,-1,£-1 & Sold Out
Enchanted Forest,14.99,-1,£-1 & Sold Out
Back To The Future,24.99,-1,£-1 & Sold Out
Ticket To Ride London,18.99,-1,£-1 & Sold Out
Bermuda Pirates,22.90,-1,£-1 & Sold Out
*Due Soon* Escape The Dark Sector,29.90,-1,£-1 & Coming Soon
7 Wonders Second Edition,32.99,-1,£-1 & Sold Out
Dixit,19.90,-1,£-1 & Sold Out
Pandemic Board Game,26.90,-1,£-1 & Sold Out
Horrified: Universal Monsters,34.90,-1,£-1 & Sold Out
Camel Up 2nd Edition,34.90,-1,£-1 & Sold Out
Century-Spice Road,26.90,-1,£-1 & Sold Out
Die Hard: The Nakatomi Heist Board Game,33.90,-1,£-1 & Sold Out
Classic Card Travel Game Cluedo,4.99,-1,£-1 & Sold Out
Telestrations After Dark,29.90,-1,£-1 & Sold Out
Ticket To Ride,36.90,-1,£-1 & Sold Out
Ticket To Ride: France & Old West Map Collection Volume 6,27.90,-1,£-1 & Sold Out
