name,price,price_was,notice
Exit Advent Calendar 2023 - The Silent Storm,32.99,40.00,View
Mini Express (Kickstarter Edition),38.83,49.99,Pre Order
Everdell: Farshore: Wooden Lighthouse,26.49,29.99,Pre Order
Everdell: Farshore,69.73,99.99,Pre Order
Unlock! Extraordinary Adventures,27.72,31.99,Pre Order
Tiny Epic Crimes,26.49,29.99,Pre Order
Honey Buzz Deluxe Edition,54.48,67.49,Pre Order
Bolton Starter Set: A Song Of Ice & Fire Core Box,87.88,119.99,Pre Order
Amun-Re - 20th Anniversary Edition,35.95,44.99,Pre Order
Spirit Island: Nature Incarnate expansion,45.78,59.99,Pre Order
Spirit Island: Nature Incarnate exp. - Foil Panels,2.99,2.99,Pre Order
Quatermain: A Deck-Building Game,41.92,54.99,Pre Order
Builders of Blankenburg,44.99,59.99,Pre Order
Jokkmokk: The Winter Market,29.66,34.99,Pre Order
Jiangnan: Life of Gentry (Deluxe Edition),82.04,119.19,Pre Order
Tamashii: Chronicle Of Ascend,79.99,99.99,Pre Order
Scrabble 75th Anniversary,80.78,129.99,Pre Order
Ark Nova: Marine Worlds expansion,33.88,38.99,Pre Order
The Night Cage (Damaged),35.00,-1,View
Zombie Dice 3: School Bus,7.99,8.99,View
Codenames: Simpsons,15.00,24.99,View
Firefly The Board Game - 10th Anniversary Limited Edition,185.00,190.00,Pre Order
Boss Monster: 10th Anniversary Edition,23.45,24.99,Pre Order
Munchkin: Crazy Cooks,29.60,34.99,View
Emerge,38.84,49.99,Pre Order
Sleeping Gods: Distant Skies,73.78,99.99,Pre Order
Dixit Disney,29.20,32.99,Pre Order
Marvel Champions: X-23 Hero Pack,16.48,18.99,Pre Order
Freelancers: Crossroads Game,45.38,59.99,Pre Order
The Fox Experiment,45.38,59.99,Pre Order
Kutná Hora: The City of Silver,46.19,57.49,Pre Order
Portals,35.95,44.99,Pre Order
Bestiary of Sigillum: Collector's Edition,45.18,59.99,Pre Order
The Plot Thickens: The Science Fiction Edition,23.39,24.99,Pre Order
The Plot Thickens: The Detective Edition,23.39,24.99,Pre Order
The Plot Thickens: The Romance Edition,23.39,24.99,Pre Order
Amalfi - Renaissance,45.38,59.99,Pre Order
Queen By Midnight,52.58,69.99,Pre Order
Books of Time,41.23,49.99,Pre Order
Maladum Deluxe Rulebook,26.15,27.99,Pre Order
Maladum Dungeons of Enveron - Starter Set,75.18,89.99,Pre Order
Star Trek: Discovery - Black Alert,41.92,54.99,Pre Order
G.I. Joe Deck-Building Game: Raise the Flagg Campaign Expansion,35.76,43.99,Pre Order
MLEM: Space Agency,25.90,28.99,Pre Order
Thunder Road Vendetta - Big Rig & the Final Five,33.50,39.99,Out of Stock
Arkham Horror: The Card Game - The Circle Undone Campaign Expansion,59.99,76.99,View
Next Station Tokyo,12.99,15.99,View
Next Station London,12.99,15.99,View
King of Tokyo 2nd Edition: Even More Wicked mini expansion,8.25,8.99,View
Colt Express,27.99,32.99,Out of Stock
Smash Up,29.99,34.99,View
Disney's Sorcerer's Arena: Leading The Charge Expansion,23.99,26.99,View
Kingmaker: The Royal Re-launch,56.08,75.00,Pre Order
The Last Kingdom,51.21,69.99,Pre Order
Dungeons & Dragons: Trials of Tempus Board Game - Premium Edition,144.48,199.99,Pre Order
Dungeons & Dragons: Trials of Tempus Board Game - Standard Edition,73.78,99.99,Pre Order
Dungeons & Dragons: Onslaught - Harpers vs. Zhentarim Fundamentals Kit,62.58,78.99,Pre Order
Dungeons & Dragons: Onslaught - Red Wizards Faction Pack,33.98,39.99,Pre Order
Dungeons & Dragons: Onslaught - Many Arrows Faction Pack,33.98,39.99,Pre Order
Star Trek: Away Missions Battle of Wolf 359 - Sela's Infiltration expansion,17.17,20.00,Pre Order
Star Trek: Away Missions Battle of Wolf 359 - Gowron's Honor Guard Expansion,17.17,20.00,Pre Order
Star Trek: Away Missions - Battle of Wolf 359 (Core Set),40.89,50.00,Pre Order
Ascending Empires: Zenith Edition,101.99,138.99,Pre Order
Skoventyr,16.49,19.99,Pre Order
Nusfjord: Expansion Pack 2 Trout and Besokende Decks,23.44,24.99,Pre Order
Nusfjord: Big Box,42.29,53.99,Pre Order
Munchkin: Druids,17.18,19.99,Pre Order
Grand Austria Hotel: High Season,27.72,31.99,Pre Order
Gamegenic Twilight Imperium 25th Anniversary Game Mat,32.74,44.99,Pre Order
Wild Tiled West,48.98,64.99,Pre Order
Welcome To Your Perfect Home Collector Edition,32.05,38.99,Pre Order
Project L Ghost Piece Expansion,16.49,18.99,Pre Order
Project L Finesse Expansion,12.99,13.99,Pre Order
Nimalia,21.00,-1,View
Unmatched Marvel: Teen Spirit,34.99,44.99,View
Rise of Ix - Dune: Imperium Expansion - Dreadnought Upgrade Pack,11.49,12.99,View
Marvel Champions: Angel Hero Pack,16.48,18.99,Pre Order
Marvel Champions: Psylocke Hero Pack,16.48,18.99,Pre Order
Doctor Who: Don't Blink,22.00,25.00,View
Enola Holmes Board Game,26.00,30.00,View
Star Trek: Ascendancy - Vulcan Escalation Pack,8.00,9.00,View
Star Trek: Ascendancy - Romulan Escalation Pack,8.00,9.00,View
Star Trek: Ascendancy - Klingon Escalation Pack,8.00,9.00,View
Star Trek: Ascendancy - Federation Escalation Pack,8.00,9.00,View
Star Trek: Ascendancy - Breen Escalation Pack,8.00,9.00,Out of Stock
Star Trek: Ascendancy - Breen,26.00,30.00,View
Star Trek: Ascendancy - Dominion/Breen Starbases,10.00,11.00,View
Star Trek: Ascendancy - Dominion War,32.00,40.00,View
Star Trek: Ascendancy - Andorian Expansion,26.00,40.00,View
Star Trek: Ascendancy - Vulcan Expansion,26.00,40.00,View
Star Trek: Ascendancy - Borg Expansion,32.00,40.00,View
Star Trek: Ascendancy - Ferengi Expansion,26.00,30.00,View
Star Trek: Ascendancy - Cardassian Expansion,26.00,30.00,View
Star Trek: Ascendancy,58.00,80.00,View
Aliens: Another Glorious Day in the Corps (Updated Edition),45.99,60.00,View
Trickerion: Dawn of Technology & Dahlgaard's Academy (Bundle),23.90,-1,Pre Order
Ant and Dec’s Limitless Win Board Game,24.49,25.00,Pre Order
Sagrada: Artisans,57.88,74.95,Pre Order
The Spacing Guild Dune: War for Arrakis expansion,38.38,49.99,Pre Order
Dune: War for Arrakis,102.08,139.99,Pre Order
Catan Soccer Fever Scenario,21.57,21.99,Pre Order
Catan Hawai'i Scenario,21.57,21.99,Pre Order
Batman: The Savior of Gotham City,27.89,29.99,Pre Order
Fantastic Beasts,27.89,29.99,Pre Order
Munchkin: Deathly Pail,11.48,11.99,Pre Order
Vindication: Archive of the Ancients,209.45,288.99,Pre Order
Honey Buzz Fall Flavors Standard Edition,32.68,39.99,Pre Order
Overboss Duel,26.47,29.99,Pre Order
Pandemic: Escape-Room Puzzle Book,10.40,12.99,Pre Order
One Piece: Adventure Island,27.89,29.99,Pre Order
One Piece: Assault on Marineford,24.59,24.99,Pre Order
Cloudspire The Uprising Faction Expansion,27.45,-1,View
Cloudspire Horizon's Wrath Faction,27.45,-1,Out of Stock
Cloudspire Griege Faction Expansion,27.00,-1,View
Cloudspire Portal Seekers Expansion,27.00,-1,Out of Stock
Cloudspire Expansions Bundle,85.00,-1,Out of Stock
Hoplomachus: Victorum,128.50,149.99,Out of Stock
Aeon's End: Past and Future,44.99,59.99,Pre Order
Age of Innovation: A Terra Mystica Game,62.08,77.49,Pre Order
Dark Ages: Holy Roman Empire,72.81,97.49,Pre Order
Dark Ages: Heritage of Charlemagne,72.81,97.49,Pre Order
Maglev Maps: Volume 1,73.78,99.99,Pre Order
Distilled: Africa and Middle East expansion,15.99,-1,Out of Stock
Furnace Playmat,10.00,12.99,Out of Stock
KAPOW! Volume 2,40.38,52.49,Pre Order
KAPOW! Volume 1,40.38,52.49,Pre Order
Robot Quest Arena,62.99,83.99,Pre Order
Tipperary,30.80,36.99,Pre Order
Acquire,41.96,54.99,Pre Order
My Shelfie,33.49,39.99,View
Unmatched Marvel: Brains and Brawn,34.90,44.99,View
Power Rangers Deck-Building Game Shattered Grid expansion,27.72,31.99,Pre Order
Keydom's Dragons,42.88,52.49,Pre Order
Rivality,23.90,23.99,Pre Order
City Planner,16.48,18.99,Pre Order
Blabel,15.18,15.99,Pre Order
One Deck Galaxy,28.35,32.99,Pre Order
Bang - Expansion Pack,22.19,22.99,Pre Order
Bang - The Great Train Robbery,22.19,22.99,Pre Order
Princes of Florence,43.45,57.49,Pre Order
Americana,34.22,42.49,Pre Order
Munchkin: Scooby Doo Edition,24.64,26.99,Pre Order
Harry Potter: Hidden Identity Game,27.72,31.99,Pre Order
Express Route - Deliver the Future!,35.08,42.49,Pre Order
Critical Role: Escape from the Halls of Halas,30.98,36.99,Pre Order
Unmatched: Tales to Amaze,51.99,59.99,Pre Order
Unmatched Marvel: For King and Country,34.90,44.99,View
Disney’s Sorcerer’s Arena: Epic Alliances - Hearts & Souls,24.64,26.99,Pre Order
Disney’s Sorcerer’s Arena: Epic Alliances - At the Ready,24.64,26.99,Pre Order
Old Bill,13.86,15.99,Pre Order
Marvel D.A.G.G.E.R.,66.68,89.99,Pre Order
Classic Art,35.13,43.99,Pre Order
Factory Funner,34.22,42.49,Pre Order
Bear Raid,34.22,42.49,Pre Order
Fraggle Rock: The Card Game,13.23,15.00,View
The Dark Crystal: The Card Game,13.23,15.00,Pre Order
Taskmaster Card Game,7.49,8.00,View
Catchphrase Say What You See! Card Game,11.49,12.00,View
Century - Big Box,56.08,74.99,Pre Order
Vampire: The Masquerade Rivals Expandable Card Game - The Hunters & The Hunted,48.98,63.99,Pre Order
Marvel Villainous: Mischief and Malice,24.99,29.99,View
Minecraft: Portal Dash,39.99,49.99,Out of Stock
Horrified,32.99,49.99,Out of Stock
Sherlock Holmes: Scotland Yard,26.49,29.99,View
Alien (Board Game),26.99,39.99,Out of Stock
Pokemon Labyrinth,26.99,39.99,View
Hocus Pocus,29.99,39.99,View
Back to the Future: Dice Through Time,30.99,39.99,View
Scotland Yard,25.99,29.99,View
Jurassic Park Danger!,29.99,39.99,View
Star Wars Villainous,32.99,39.99,View
Marvel Villainous: Venom,22.99,24.99,View
Marvel Villainous: Twisted Ambitions,24.99,29.99,Out of Stock
Marvel Villainous,32.99,39.99,View
Disney Villainous: Bigger and Badder,24.99,29.99,Out of Stock
Disney Villainous: Despicable Plots,24.99,29.99,View
Disney Villainous: Perfectly Wretched,24.99,29.99,View
Disney Villainous,32.99,39.99,View
Disney Villainous Evil Comes Prepared (Expansion 2),24.95,29.99,View
Disney Villainous Wicked to the Core (Expansion 1),24.95,-1,View
Jaws Strategy Game,26.99,32.00,View
Minecraft Heroes of the Village,22.49,22.99,Out of Stock
The Missing Expedition: Lost Ruins of Arnak Exp,27.27,27.99,Pre Order
Marvel Zombies EXPANSIONS BUNDLE (no core set),169.00,215.96,Pre Order
Cloudspire (DAMAGED CORNER),115.99,-1,View
Marvel Zombies full bundle,360.00,499.94,Pre Order
Race to the Raft (deluxe),69.99,94.99,View
Blazon Metal Achievement Tokens,34.99,-1,View
Blazon (deluxe edition),39.99,49.99,View
Wild Serengeti (Animal Specialist Expansion),15.00,-1,View
Wild Serengeti,53.99,59.99,View
Life of the Amazonia  - Upgraded Components,59.99,69.99,View
Life of the Amazonia (Kickstarter Edition),49.99,59.99,View
Munchkin Side Quests 2,11.48,11.99,Pre Order
Dead By Daylight,41.92,54.99,Pre Order
Army of the Dead: A Zombicide Game,87.88,119.99,Pre Order
Wandering Towers,38.84,49.99,Pre Order
Haba: The Key - Escape from Strongwall Prison,25.00,-1,Out of Stock
Legendary: Guardians of the Galaxy - A Marvel Deck Building Game Expansion,25.99,27.99,View
Frosthaven: Map Tile Archive,21.39,-1,Pre Order
Frosthaven: Insert,45.45,-1,Pre Order
Frosthaven: Removable Stickers,15.36,-1,View
Frosthaven: Solo Scenarios,12.52,-1,View
G.I. Joe Deck-Building Game New Alliances: A Transformers Crossover Expansion,29.80,-1,Pre Order
Blazon (regular edition),33.93,42.49,View
Pictures X-mas expansion,36.30,-1,View
Dawn of Peacemakers,61.12,-1,Pre Order
Expeditions,59.49,-1,Pre Order
Shadowgate,48.98,-1,Pre Order
Casting Shadows: Ice Storm expansion,24.58,-1,Pre Order
My Little Pony Deck-Building Game: Princess Pageantry expansion,26.72,-1,Pre Order
Race to the Raft,39.20,-1,Pre Order
Earth,45.99,49.99,Out of Stock
Lunar Rush,40.18,-1,Pre Order
City of the Great Machine: Stand-In Heroes,23.64,-1,Pre Order
City of the Great Machine: The Escalation,29.80,-1,Pre Order
City of the Great Machine,52.45,-1,Pre Order
Railways,15.78,-1,Pre Order
D&D: Dungeon Scrawlers - Heroes of Waterdeep,26.72,-1,Pre Order
Dragonlance: Warriors of Krynn Board Game,62.46,-1,Pre Order
Axis & Allies WWI 1914,75.99,-1,Pre Order
Transformers Deck-Building Game: War on Cybertron expansion,36.68,-1,Pre Order
Istanbul - Choose & Write,22.94,-1,Pre Order
Bridgerton,23.67,-1,Pre Order
Hegemony: Lead Your Class to Victory - BUNDLE,94.99,-1,Out of Stock
Hegemony: Lead Your Class to Victory - Historical Events,11.92,-1,View
Hegemony: Lead Your Class to Victory - Crisis & Control,25.58,-1,View
Hegemony: Lead Your Class to Victory,62.95,77.49,View
Ancient Civilizations of the Middle East,73.28,94.99,View
Archeos Society,39.99,47.99,View
Cartagena,32.99,-1,Pre Order
CATAN Starfarers: New Encounters,48.99,-1,Pre Order
Not Enough Mana,33.99,-1,Out of Stock
Ensemble,26.72,-1,Pre Order
Frosthaven,186.83,249.99,Out of Stock
Carnegie: Departments & Donations expansion,13.92,-1,Out of Stock
Astro Knights - The Orion System,20.57,-1,Pre Order
Camel Up Card Game 2nd Edition,13.23,-1,View
Ticket To Ride: Berlin,20.57,-1,Pre Order
Tapestry: Fantasies & Futures expansion,23.43,-1,View
7 Wonders - Bundle,69.50,124.96,View
7 Wonders Duel - Bundle,37.50,64.97,Out of Stock
Welcome to the Dungeon,11.99,13.99,View
Roll Player Adventures: Gulpax's Secret Expansion,49.99,-1,Pre Order
burncycle,120.99,-1,Out of Stock
Cloudspire,120.99,-1,View
Too Many Bones,123.99,-1,Out of Stock
Too Many Bones - Undertow,85.99,-1,Out of Stock
HeroQuest: Rise of the Dread Moon,43.99,44.99,View
Risk Strike,18.99,-1,Pre Order
Dungeons & Dragons: The Yawning Portal,39.99,44.99,View
Junk Forts (Core Game),21.14,-1,Pre Order
Pass the Bomb 2023 edition,22.39,-1,Pre Order
Power Plants Deluxe Edition,42.48,-1,Pre Order
Power Plants,26.72,-1,Pre Order
Planet B,68.10,-1,Pre Order
Terraforming Mars - Ares Expedition: Foundations,23.80,-1,View
Terraforming Mars - Ares Expedition: Discovery,23.80,26.99,View
Terraforming Mars - Ares Expedition: Crisis,24.80,26.99,View
The Search for Lost Species,37.99,-1,Pre Order
Don't Go In There,23.64,-1,Pre Order
Azul Mini,16.37,-1,Pre Order
Dorfromantik - The Board Game,31.99,-1,Pre Order
Chili Mafia: Goodfellas,12.61,-1,Pre Order
Chili Mafia,26.72,-1,Pre Order
Rolling Heights,67.35,84.99,Out of Stock
Canvas Finishing Touches,28.68,-1,Pre Order
7 Wonders 2nd edition: Edifice expansion,21.69,-1,View
Monopoly Junior: 2 Games in 1,25.74,-1,Pre Order
Monopoly: Dungeons and Dragons Movie,34.99,-1,View
Sub Terra II: Inferno's Edge - Typhaon Wakes Upgrade Pack,17.50,-1,View
Sub Terra II: Arima's Light Upgrade Pack,17.18,-1,Out of Stock
Sub Terra II: Upgrade pack,29.60,-1,Out of Stock
Sub Terra II: Typhaon Wakes,29.60,-1,Out of Stock
Sub Terra II: Arima's Light Expansion,28.60,-1,Out of Stock
Sub Terra II: Inferno's Edge (Core Game),37.95,-1,Out of Stock
Unlock! Short 6 - The Secrets of the Octopus,6.28,-1,Pre Order
Unlock! Short 5 - In Pursuit of Cabrakan,6.28,-1,Pre Order
Unlock! Short 4 - Doo-Arann's Dungeon,6.28,-1,Pre Order
Unlock! Short 3 - The Flight of the Angel,6.28,-1,Pre Order
Unlock! Short 2 - The Awakening of the Mummy,6.28,-1,Pre Order
Unlock! Short 1 - Secret Recipes of Yore,6.28,-1,Pre Order
Siege of Valeria - Campaign,17.48,-1,Pre Order
Dice Kingdoms of Valeria: Winter expansion,17.48,-1,Pre Order
Dice Kingdoms of Valeria: Game Sheet Refill Pack,16.49,-1,Pre Order
Dice Kingdoms of Valeria,27.35,-1,Pre Order
WordCraft,22.90,-1,Pre Order
Roller Coaster Rush,41.99,-1,Pre Order
Epic Seven Arise: For Hope expansion,38.99,-1,Pre Order
Epic Seven Arise: Acolytes Set expansion,27.99,-1,Pre Order
Epic Seven Arise,82.00,-1,Pre Order
Casting Shadows,28.00,29.99,Out of Stock
Oathsworn: Into The Deepwood,159.99,-1,Pre Order
My Lil' Everdell Standard Edition,37.50,47.49,View
Fossil Canyon,29.17,-1,Pre Order
Octopus' Garden,29.57,-1,Pre Order
The Gardens,36.87,-1,Pre Order
Dice Throne Season 2 Rerolled: Vampire Lord V Seraph,25.99,29.99,View
Villagers,24.00,27.95,Out of Stock
The Song of the Whales: My First Escape Game,11.35,-1,Pre Order
Escape Box: Detectives,11.35,-1,Pre Order
5 Minute Dungeon – Curses! Foiled Again! Expansion,16.31,-1,Pre Order
5 Minute Dungeon,25.90,-1,Pre Order
Dog Park: European Dogs Expansion,8.99,-1,View
Dog Park: Famous Dogs Expansion,8.99,-1,View
Dog Park Standard Edition,39.50,-1,View
Irish Gauge,23.00,-1,Out of Stock
Unlock! Mythic Adventures,24.00,-1,View
Exit: The Forgotten Island,12.50,-1,View
King of Monster Island,39.99,-1,View
Codenames: Harry Potter,20.00,-1,Out of Stock
The Deceit,12.50,-1,View
The Blunder,12.50,-1,View
The Insider: Digital Escape Room,5.00,-1,View
The Scandal,12.50,-1,View
Forbidden Desert,27.50,31.99,View
Downforce,28.90,-1,View
Parks,39.99,-1,Out of Stock
Kyoto,15.00,-1,View
Monopoly Builder Edition,25.00,-1,View
Monopoly: Lord of the Rings,40.00,-1,Out of Stock
Monopoly Animal Crossing,32.00,-1,Pre Order
Verdant - KICKSTARTER EDITION,38.00,-1,Out of Stock
Happy Little Dinosaurs,19.00,-1,Out of Stock
Insider Black,16.50,-1,Out of Stock
Moon Adventure,20.00,-1,Out of Stock
Troika,16.50,-1,View
Katamino Pocket,17.50,-1,View
Haba: Logic! CASE starter set,12.00,-1,View
Haba: The Key - Burglary at the Royal Star Casino,22.00,-1,Out of Stock
Unmatched: Jurassic Park Ingen Vs The Raptors,29.99,-1,View
Tidal Blades Card Game: Banner Festival,29.99,-1,Out of Stock
Marvel Zombies: Clash of the Sinister Six,48.99,159.99,Pre Order
Marvel Zombies: Hydra Resurrection,48.99,59.99,Pre Order
Marvel Zombies: Fantastic 4 Under Siege,48.99,59.99,Pre Order
Marvel Zombies: Guardians of the Galaxy Set,41.99,49.99,Pre Order
Marvel Zombies: X-Men Resistance Core Box,99.99,129.99,Pre Order
Marvel Zombies: Core Box,99.99,129.99,View
Oros,40.00,48.99,View
Star Wars: The Deckbuilding Game,32.90,-1,Out of Stock
Ark Nova: Zoo Map Pack 1,6.99,-1,View
Exit puzzle: The Deserted Lighthouse Jigsaw,18.50,-1,View
Exit: Kidnapped in Fortune City,12.50,-1,View
Exit: The Cursed Labyrinth,12.50,-1,Out of Stock
Exit: The Mysterious Museum,12.50,-1,View
Exit: The Sunken Treasure,12.50,-1,Out of Stock
Exit: The Gate Between Worlds,12.50,-1,Out of Stock
Exit: Dead man on the Orient Express,12.50,-1,Out of Stock
Exit: Haunted Roller Coaster,12.50,-1,View
Catch the Moon,23.00,-1,Out of Stock
Digimon Card Game: Draconic Roar INDIVIDUAL Booster Pack EX-03,3.80,-1,Out of Stock
Wingspan: Asia expansion,35.48,-1,View
Block and Key,39.99,-1,View
SHASN: AZADI Expansion,69.00,-1,View
SHASN: AZADI,89.00,-1,View
SHASN: 2 player board,10.00,-1,Pre Order
Moon Card Sleeves,18.00,-1,View
Moon Deluxe,40.00,-1,Pre Order
Moon,30.00,-1,Pre Order
Ahoy,32.90,-1,View
Horizons of Spirit Island,30.88,-1,Pre Order
Hamlet - Founder's Deluxe Kickstarter Edition,64.99,-1,Out of Stock
Marvel: Age of Heroes,64.99,81.99,View
Tomb of Giants - Dark Souls: The Board Game,81.99,-1,Pre Order
Painted World of Ariamis - Dark Souls: The Board Game,81.99,-1,Pre Order
Race for the Galaxy: Expansion and Brinkmanship - The Gathering Storm,31.68,-1,Pre Order
Air Mail,38.86,-1,Pre Order
Tortuga 2199,39.78,-1,Pre Order
Endless Winter: Mammoth Module Expansion,5.08,-1,Pre Order
Endless Winter: Ancestors Expansion,16.98,-1,Pre Order
Endless Winter: Cave Paintings Expansion,16.98,-1,Pre Order
Endless Winter: Rivers & Rafts Expansion,16.98,-1,Pre Order
Endless Winter: Paleoamericans,49.99,-1,Out of Stock
Crypt X - Egypt,22.45,-1,Pre Order
Aquanauts,37.98,-1,Pre Order
Trickerion: Dawn of Technology,8.69,-1,Pre Order
Trickerion: Dahlgaard’s Academy,15.29,-1,Pre Order
Tiny Epic Vikings Ragnarok Expansion,13.99,-1,Pre Order
Tiny Epic Vikings 4-pack Clan Mats,22.39,-1,Pre Order
Tiny Epic Vikings,27.61,-1,Pre Order
Tiny Epic Vikings Game Mat,22.39,-1,Pre Order
Christmas Lights Card Game 2nd Edition,12.50,-1,View
Bounce-Off Pop-Out,18.49,-1,Pre Order
Borderlands: Mister Torgue's Arena of Badassery,83.38,-1,Pre Order
Beer & Bread,28.32,-1,Out of Stock
Time Stories Revolution: The Cavendish Mansion,27.35,-1,Pre Order
Caldera Park,31.87,-1,Out of Stock
Longboard,16.99,-1,Pre Order
CLANK! Catacombs,51.50,-1,Out of Stock
Spirit Island: Jagged Edge expansion,51.90,-1,Out of Stock
Monopoly Black Panther 2 - Wakanda Forever,33.35,-1,Pre Order
Village 2nd Edition - Big Box,57.30,74.99,Out of Stock
UNO Star Wars - The Mandalorian,9.99,-1,View
Here to Slay: Warriors and Druids Expansions,12.99,-1,Out of Stock
Pandemic: Star Wars: The Clone Wars,45.95,-1,View
Bullet Beethoven the Cat Promo,8.16,-1,Pre Order
Bullet Star,34.99,-1,Pre Order
Bullet Orange,22.39,-1,Pre Order
The Texas Chainsaw Massacre,43.99,-1,Pre Order
Castle Panic: Engines of War 2e,16.31,-1,Out of Stock
Thunder Road Vendetta,45.99,-1,Out of Stock
Neuroshima HEX 3.0: Pirates,7.93,-1,Pre Order
Imperial Settlers: Empires of the North: Wrath of the Lighthouse,24.99,-1,View
Basilica,30.26,-1,Pre Order
Rise,38.86,-1,Pre Order
Joan of Arc: Orleans Draw & Write,26.27,-1,Out of Stock
Carcassonne - Mists over Carcassonne,31.68,-1,Out of Stock
Challengers,31.68,-1,Out of Stock
Astra,31.49,-1,Pre Order
Cluedo Escape: Treachery at Tudor Mansion,17.49,17.99,View
Stupefy!,32.31,-1,View
Escape Room Christmas Crackers,24.00,-1,Out of Stock
Game of Thrones Catan: Brotherhood of the Watch,39.99,-1,Out of Stock
Splendor Duel,22.39,-1,Out of Stock
Catan Cities & Knights,35.00,-1,Out of Stock
Pathfinder Arena: Final Challenge,31.68,-1,Pre Order
Pathfinder Arena: Age of Ashes - Expansion,34.76,-1,Pre Order
Pathfinder Arena: Epic Challenge,41.49,-1,Pre Order
Pathfinder Arena: Monsters of the Arena,44.99,-1,Pre Order
Pathfinder Arena: Core Set,51.99,-1,Pre Order
Parks: Wildlife Expansion,16.99,-1,Out of Stock
Plunder: A Pirate's Life,39.50,-1,Out of Stock
Ascension: Tactics,44.99,-1,Pre Order
Wheels Vs Doors,21.19,-1,Pre Order
Orchards: The Card Game,13.23,-1,Pre Order
Super Powered Smash Masters New Recruits Expansion Set,16.99,-1,Pre Order
Super Powered Smash Masters Core Set,25.47,-1,Pre Order
The Thing: The Boardgame,46.39,-1,Out of Stock
Blood on the Clocktower,113.99,144.99,Pre Order
Mysterium Kids: Captain Echo's Treasure,24.90,-1,View
Rallyman: Dirt,49.50,65.99,Out of Stock
Exit Advent Calendar 2022 - Hunt for the Golden Book,28.75,-1,Out of Stock
HeroQuest: The Rogue Heir Of Elethorn,16.99,16.99,View
Iberian Railways,29.99,-1,View
3000 Scoundrels,29.99,-1,View
Wayfarers of the South Tigris,47.99,-1,Out of Stock
Tug!,16.99,-1,Pre Order
Smash Up: 10th Anniversary,39.99,-1,View
Coup,13.90,-1,Out of Stock
Village Rails,16.31,-1,Pre Order
MicroMacro: Crime City - All In,20.99,-1,Out of Stock
Paint the Roses: Escape the Castle Expansion,22.99,-1,Out of Stock
Paint the Roses,34.49,-1,Out of Stock
Immortality - Dune: Imperium Expansion,27.99,-1,View
Scourges of the Wastes Figure Pack: The Lord of the Rings: Journeys in Middle-Earth Board Game,14.49,-1,View
Tokaido Duo,17.79,19.99,Out of Stock
Great Western Trail: Argentina,36.49,-1,Out of Stock
Unmatched: Battle of Legends Vol 2,32.99,-1,View
Legendary: The Infinity Saga - A Marvel Deck Building Game Expansion,22.34,-1,Pre Order
Honk!,25.47,-1,Pre Order
Delicious,25.47,-1,Pre Order
Deal With The Devil,53.45,-1,Out of Stock
Boogeyman: The Board Game,50.25,-1,Pre Order
Squid Game,23.00,-1,Pre Order
Unmatched: Cobble and Fog,31.99,37.99,View
Munchkin,23.99,-1,Out of Stock
Cash N' Guns,26.49,-1,Out of Stock
Viticulture; World Cooperative Expansion,28.99,-1,View
Eco: Coral Reef,22.39,-1,Pre Order
I Would Save Lincoln,13.23,-1,Pre Order
I Would Destroy The Ring,14.99,16.99,Out of Stock
My Little Pony: Adventures in Equestria Deck-Building Game Familiar Faces expansion,25.47,-1,Pre Order
Transformers Deck-Building Game: Dawn of the Dinobots Expansion,25.47,-1,Out of Stock
Transformers Deck-Building Game: Infiltration Protocol expansion,25.47,-1,Pre Order
Fog of Love: Love on Lockdown,19.31,-1,Pre Order
Monopoly Travel World Tour,29.49,-1,View
Rival Restaurants - Back for Seconds,23.20,-1,Pre Order
Rival Restaurants,45.34,-1,Pre Order
Illiterati,30.74,-1,Pre Order
Sagrada: Glory,19.31,-1,Pre Order
Kites Time to Fly,19.31,-1,Pre Order
Astro Knights,39.99,-1,Pre Order
Radlands (standard ed),23.49,24.99,View
Castle Panic: Crowns and Quests,25.99,-1,Out of Stock
Castle Panic Big Box 2e,86.99,-1,Out of Stock
Castle Panic: The Wizard's Tower 2e,25.99,-1,Out of Stock
Castle Panic 2nd Edition,28.60,-1,Out of Stock
Giga-Robo!,85.99,-1,Pre Order
Koi Garden,22.48,-1,Pre Order
Verdant,31.68,-1,Out of Stock
Planet Unknown,69.99,79.99,Out of Stock
Cryptid Cafe Server Pack,13.23,-1,Out of Stock
Cryptid Cafe Game,31.68,-1,Pre Order
RA (new),41.95,54.99,View
Munchkin Babies 2 - Stork Naked,11.35,-1,View
Flamecraft Deluxe Kickstarter Edition,64.99,-1,Pre Order
It's a Wonderful World: Leisure & Decadence expansion,29.17,-1,Pre Order
Firefly: The Board Game Special Edition,39.99,-1,View
Ticket to Ride: Ghost Train (First Journey),25.47,-1,View
HeroQuest: The Frozen Horror Expansion,35.49,-1,View
Gaia Project (Capstone Edition),58.90,-1,Out of Stock
Unmatched: Jurassic Park Dr Sattler Vs T-Rex,29.99,-1,View
Onitama - Light and Shadow Expansion,14.99,-1,View
Sniper Elite Board Game: Eagle's Nest Expansion,22.99,-1,Out of Stock
Sniper Elite Board Game,39.25,-1,Out of Stock
The Island Strikes Back!!!: The Island Exp.,16.34,-1,Pre Order
RoboRally (2023),41.48,54.99,View
Axis & Allies Europe 1940,77.99,99.99,View
Axis & Allies Pacific 1940,77.99,98.99,Out of Stock
Axis & Allies 1942: Second Edition,54.23,-1,Pre Order
Axis & Allies 1941,28.76,-1,Pre Order
The Island,25.52,-1,Pre Order
Dungeons & Dragons: Onslaught Core Set,115.00,-1,View
Darwin’s Journey,49.99,65.99,Pre Order
Skate Summer,37.84,-1,Pre Order
Peter Pan,36.58,-1,Pre Order
That Old Wallpaper,22.39,-1,Pre Order
Marrakech,29.50,35.00,View
Quoridor,28.50,35.00,Out of Stock
Quarto,28.95,-1,Out of Stock
Iki,41.99,-1,Out of Stock
Akropolis,23.50,25.00,View
Dominion: Hinterland (2nd Edition),31.68,-1,Pre Order
Dominion: Hinterlands (2nd Edition) Update Pack,13.23,-1,Out of Stock
Dominion: Prosperity (2nd Edition) Update Pack,13.23,-1,Out of Stock
Dominion: Prosperity (2nd Edition),37.35,-1,Pre Order
Digimon Card Game: Digital Hazard Individual Booster EX-02,3.80,-1,View
Agricola : The 15th Anniversary Box,82.99,-1,View
Oak,45.53,-1,Out of Stock
Zombicide: Gear Up,19.48,-1,Pre Order
Zombicide: Running Wild,31.68,-1,Pre Order
Zombicide: Gears & Guns,37.99,-1,Pre Order
Zombicide: Undead or Alive,79.88,-1,Pre Order
Marvel United: X-Men Gold Team Exp.,25.47,-1,View
Marvel United: X-Men Blue Team Exp.,25.47,-1,View
Marvel United: X-Men,29.99,-1,Out of Stock
Marvel United Base Game,27.99,-1,Out of Stock
Scooby-Doo: The Board Game,43.99,-1,Pre Order
"Catan 3D Expansion: Seafarers, Cities & Knights",279.45,-1,Out of Stock
Clacks! Collector's Edition,28.60,-1,Pre Order
The Pursuit of Happiness - Nostalgia Expansion,29.79,-1,Pre Order
The Pursuit of Happiness - Big Box All-In Deluxe Edition,104.95,-1,Pre Order
War of the Ring: Card Box and Sleeves (Witch-king Edition),11.79,-1,Pre Order
Deluxe Game Mat: War of the Ring,59.99,-1,View
Digimon Card Game: Digital Hazard Booster EX-02,69.64,-1,Out of Stock
Harry Potter Checkers,13.80,-1,Pre Order
Meadow: Downstream (Meadow Expansion),26.50,-1,Out of Stock
Digimon Card Game: Draconic Roar Booster Box Display  EX-03,69.99,-1,Out of Stock
Vampire: The Masquerade Rivals - The Heart of Europe Expansion,24.47,-1,Out of Stock
Similo: Spookies,10.99,-1,Out of Stock
Battle of Midway - Blood Red Skies: Starter Set,48.34,59.00,View
Munchkin: Batman,34.76,-1,View
Twilight Inscription,41.99,64.99,Out of Stock
Terra Nova,46.50,-1,View
Starship Captains (+ Launch Kit Jigsaw),47.49,-1,View
Smash Up: Disney,28.00,-1,View
Ticket To Ride: San Francisco,21.99,-1,View
Blood Rage,65.00,-1,Out of Stock
Ark Nova - DAMAGED,49.99,-1,Out of Stock
Stone Age,43.99,-1,View
Libertalia: Winds of Galecrest Metal Doubloons,24.99,-1,View
Seasons,34.99,-1,Out of Stock
Ticket to Ride Volume 7: Japan & Italy (expansion),32.99,-1,View
Michael McIntyre's The Wheel Travel Game,8.99,-1,Pre Order
Anchorman - The Game,15.99,-1,View
Picture Perfect Pickpocket Expansion,14.99,-1,View
Trails: A Parks Game,14.99,-1,Out of Stock
Picture Perfect Movie Star Expansion,14.99,-1,Pre Order
Carnegie,47.69,-1,Out of Stock
Legendary: Black Widow - A Marvel Deck Building Game Expansion,25.99,-1,View
Galaxy Trucker: Keep on Trucking,18.00,-1,View
Waggle Dance,29.99,-1,View
Second Chance,9.99,-1,Out of Stock
Exit: Shadows Over Middle-Earth,12.99,-1,View
Telestrations,23.99,-1,View
Terraforming Mars,55.99,-1,View
Skymines,49.99,-1,View
2 minutes to midnight,70.99,-1,View
Pandemic: Iberia,38.99,-1,Out of Stock
Codenames Duet,18.99,-1,Out of Stock
Tapestry,59.99,-1,Out of Stock
The Elder Scrolls: Skyrim - Adventure Board Game 5-8 Player Expansion,34.99,-1,View
The Elder Scrolls: Skyrim - Adventure Board Game From the Ashes Expansion,68.99,-1,Out of Stock
The Elder Scrolls: Skyrim - Adventure Board Game - Dawnguard Expansion,67.99,-1,View
The Elder Scrolls: Skyrim - Adventure Board Game - Miniatures Upgrade Set,91.99,-1,Out of Stock
The Elder Scrolls: Skyrim - Adventure Board Game,112.00,-1,Out of Stock
Catan Dawn of Humankind,49.99,-1,Out of Stock
Time of Empires,56.99,-1,Pre Order
Captain Sonar (2022),33.49,-1,Pre Order
My Hero Academia Plus Ultra! Board Game,23.99,-1,Pre Order
Unmatched: Redemption Row,36.49,-1,View
Unmatched: Hells Kitchen,36.49,-1,View
Unmatched: Robin Hood v Big Foot,21.99,27.99,View
Unmatched: Little Red Ridinghood v Beowolf,19.99,-1,View
"Unmatched: Battle of Legends, Volume 1",31.49,-1,View
Photosynthesis: Under the Moonlight Expansion,12.49,-1,View
Ginkopolis: The Experts Expansion,19.00,-1,Out of Stock
Wolfenstein Board Game: 3d Terrain,50.00,-1,View
Word on the Street,15.99,-1,View
Kingdomino Origins,21.99,-1,View
Tenpenny Parks,48.49,-1,View
Century: Spice Road,29.50,-1,View
Hidden Leaders,22.99,-1,View
Mantis Falls,28.49,-1,Out of Stock
Wolfenstein Board Game: Old Blood Expansion,25.00,-1,View
Wolfenstein Board Game,50.00,-1,View
Terra Mystica Board Game: Solo Box,17.99,-1,View
Terra Mystica Board Game: Big Box,103.99,-1,View
Great Western Trail: Rails to the North Expansion (2nd Ed),28.99,-1,View
Dwellings of Eldervale 2nd Edition: Shapeshifter Mercenary Figure,8.99,-1,Pre Order
Dwellings of Eldervale 2nd Edition: Minotaur Mercenary Figure,8.99,-1,Pre Order
Grand Austria Hotel: Let's Waltz,30.99,-1,Out of Stock
Dwellings of Eldervale 2nd Edition,79.99,-1,Pre Order
Dice Theme Park,37.99,-1,View
Transformers Deck-Building Game: A Rising Darkness Expansion,35.99,-1,View
Similo: Harry Potter,14.99,-1,Out of Stock
Dice Theme Park - Deluxe Add Ons Box,22.99,-1,View
Carcassonne Big Box (2022),69.99,-1,Out of Stock
Batman: Everybody Lies,34.99,-1,View
Disney's Sorcerer's Arena: Epic Alliances (Core Set),39.99,-1,View
Disney's Sorcerer's Arena: Epic Alliances Thrills and Chills Expansion 2,21.99,27.99,View
Disney's Sorcerers Arena: Epic Alliances Turning the Tide Expansion 1,20.99,-1,View
Dice Hospital: Emergency Roll,11.99,-1,View
Betrayal at House on the Hill 3rd ed,37.49,-1,Out of Stock
FORT: Cats and Dogs Expansion,9.99,-1,Out of Stock
Blood Feud: Vampire the Masquerade - The mega board game,139.99,-1,View
Here to Slay: Berserker and Necromancer Expansions,12.99,-1,Out of Stock
Unstable Unicorns: Kids Edition,14.99,-1,View
Libertalia: Winds of Galecrest,39.95,-1,Out of Stock
Bitoku (Damaged),39.99,-1,Out of Stock
Avatar The Last Airbender Fire Nation Rising game,41.99,-1,View
Gutenberg,39.00,-1,View
Pandemic Legacy Season 1 (Red),62.99,-1,View
Pandemic Legacy Season 1 (Blue),62.99,-1,View
Patchwork,17.95,-1,View
Catan,39.99,-1,View
Catan Junior,26.99,-1,View
Mysterium,33.99,39.99,View
Mansions of Madness 2nd Edition,74.99,-1,Out of Stock
Small World,39.99,49.99,View
Ticket to Ride: London,14.99,19.99,View
First Journey Europe,25.99,29.99,View
Codenames,15.99,-1,View
Bananagrams,12.99,-1,View
The Werewolves of Miller's Hollow,8.99,-1,Out of Stock
Splendor,25.99,29.99,View
Skull,13.99,-1,Out of Stock
Wingspan Speckled Eggs,14.99,-1,View
My Little Scythe: Pie in the Sky Expansion,14.99,-1,View
Here to Slay,18.49,-1,Out of Stock
You Are (Not) Deadpool : A Marvel Multiverse Missions Adventure Gamebook,8.99,-1,View
Dune Arrakis: Dawn of the Fremen,41.99,-1,View
Wormholes,38.45,-1,View
Zuuli (2nd Edition),14.99,-1,View
Zuuli Deluxe,15.99,-1,Out of Stock
Dune Imperium Bundle + promo,119.99,-1,Out of Stock
Dixit Quest (expansion),17.49,-1,Out of Stock
Dixit Odyssey,29.99,-1,View
Concept,25.99,-1,View
Paperback,28.79,-1,Out of Stock
Chocolate Factory,33.99,-1,View
Tsuro,29.99,-1,Out of Stock
Senjutsu All-In Deluxe Pledge,139.99,-1,Pre Order
Senjutsu: Battle For Japan,33.99,-1,Pre Order
Risk Legacy (2022),48.99,-1,View
Classic Mousetrap,24.99,-1,Out of Stock
Zombie Kittens,19.99,-1,Out of Stock
Escape Box: Pirates,9.99,-1,View
Escape Box: Dinoasurs,9.99,-1,View
Unlock 10! Game Adventures,25.79,-1,View
Flamecraft,33.99,38.99,View
Stack 'n Stuff: A Patchwork Game,17.49,-1,View
Sleeping Gods: Dungeons,12.99,-1,View
Exploding Kittens 2 Player Edition,10.99,-1,Out of Stock
Spirit Island: Deluxe Invader Board,16.99,-1,View
Spirit Island: Feather & Flame,29.50,-1,Out of Stock
Caesar!: Seize Rome in 20 minutes!,25.99,-1,Out of Stock
Unlock Kids,20.95,-1,Out of Stock
Decorum Board Game,35.00,-1,Out of Stock
Tiny Epic Dungeons Card Game: Stories Expansion,11.99,-1,Out of Stock
Tiny Epic Dungeons Card Game: Extra Dice Pack,9.99,-1,Pre Order
Tiny Epic Dungeons Card Game: Oversized Boss Meeples,7.99,-1,Pre Order
Tiny Epic Dungeons Card Game: 4 Pack Player Mats,20.00,-1,View
Tiny Epic Dungeons Card Game: Playmat,21.99,-1,Out of Stock
Tiny Epic Dungeons Card Game,25.99,29.99,Out of Stock
Distilled: A Spirited Strategy Game,72.00,94.99,View
Flash Point Fire Rescue 2nd Edition,30.99,-1,View
War of the Ring 2nd Edition,75.99,-1,Out of Stock
Railroad Ink: Blazing Red Edition,17.99,-1,Pre Order
Canvas 2nd printing,28.99,-1,Out of Stock
Scythe: Metal Coins,21.99,-1,Out of Stock
HeroQuest (DAMAGED BOX),83.99,-1,Out of Stock
Picture Perfect 5-6 player expansion,14.99,-1,View
Scythe: Realistic Resources,21.99,-1,View
HeroQuest Bundle (3 expansions),159.99,-1,Out of Stock
HeroQuest: Return of the Witch Lord,24.99,-1,Out of Stock
HeroQuest: Kellar's Keep Quest Pack,24.99,-1,Out of Stock
HeroQuest,93.99,109.99,View
Battle of the Five Armies,74.99,-1,Out of Stock
DC Deck-Building Game: Crisis Collection 1,31.25,-1,Out of Stock
Mystic Vale: Essential Edition,52.50,-1,Out of Stock
Tokaido Deluxe 5th Anniversary Edition,57.99,-1,View
Matsuri 5th Anniversary Edition: Tokaido exp,16.99,-1,View
Matsuri Minis 5th Anniversary: Tokaido Expansion,13.99,-1,View
Isle of Skye: From Chieftain to King Big Box,39.99,-1,View
Meeples & Monsters,45.89,-1,View
Tapestry: Arts & Architecture Expansion,29.95,-1,Out of Stock
Diplomacy (2022 version),33.49,-1,View
Legendary: Black Panther - A Marvel Deck Building Game Expansion,24.89,27.99,View
Canopy,24.99,-1,Out of Stock
Monopoly Friends,29.99,30.99,View
Cartographers Map Pack 6 - Hornhelm Market,8.99,-1,View
Cartographers Map Pack 5 - Kethra's Steppe,8.99,-1,View
Cartographers Map Pack 4 - Frozen Expanse,8.99,-1,View
Sheriff of Nottingham 2nd Edition,31.99,-1,Out of Stock
Voices in My Head,30.99,-1,View
Dune Imperium: Deluxe Upgrade Pack,53.99,-1,Out of Stock
Bureau of Investigation: Sherlock Holmes Consulting Detective,31.99,-1,View
Exit: The Abandoned Cabin,10.99,-1,View
Exit: The Pharaoh's Tomb,10.99,-1,Out of Stock
Exit: The Secret Lab,10.99,-1,Out of Stock
Bitoku,41.99,-1,Out of Stock
Tinners' Trail Deluxe Addons,13.29,-1,Out of Stock
Tinners' Trail,29.99,-1,View
Qwirkle Collector's Edition,38.99,-1,View
Patchwork: Valentine's Day Edition,20.00,-1,View
Boonlake,49.99,-1,View
My City,27.99,-1,Out of Stock
Ultimate Railroads,89.89,-1,Out of Stock
It's a Wonderful World: War or Peace expansion,16.99,-1,View
It's a Wonderful World,30.99,-1,Out of Stock
Resident Evil 3 Board Game: The City of Ruin Expansion,43.99,-1,Out of Stock
Resident Evil 3 Board Game,75.00,-1,Out of Stock
Wonderland's War,49.99,-1,Out of Stock
Unlock 9! Legendary Adventures,22.99,-1,Out of Stock
Trudvang Legends,68.99,-1,View
The Dark Knight Returns: Batman- Deluxe Game,79.99,-1,View
The Dark Knight Returns: Batman- Base Game,48.95,-1,Out of Stock
Stranger Things: Attack of the Mind Flayer,17.99,-1,View
Stardew Valley: The Board Game,46.99,-1,Out of Stock
Star Realms - Deckbuilding Game: Box Set,31.99,-1,View
Orlog: Assassin's Creed Valhalla: Dice Game,32.99,-1,Out of Stock
Legendary: Messiah Complex: Marvel Deck Building Game,38.99,-1,View
Kid's Chronicles: Quest for the Moon Stones,16.99,-1,Out of Stock
Key to the Kingdom,41.99,-1,View
It's a Wonderful Kingdom,22.99,-1,Out of Stock
It Evil Below,24.49,-1,Pre Order
Feed the Kraken - Deluxe Edition,69.99,-1,Pre Order
Feed the Kraken - Basic Edition,54.99,64.99,Out of Stock
Lost Ruins of Arnak: Expedition Leaders,26.49,-1,Out of Stock
Colt Express Big Box,33.99,-1,Out of Stock
Azul Queen's Garden,33.99,-1,Out of Stock
Ascension: Year Six Collector's Edition,74.89,-1,Pre Order
Ascension: 10-Year Anniversary Edition,36.99,39.99,Out of Stock
Ark Nova,58.99,-1,View
Ticket to Ride: Nordic Countries,36.99,-1,Out of Stock
Kemet Blood and Sand,49.99,-1,Out of Stock
Chronicles of Crime 1900,17.99,-1,Out of Stock
X-Men: Mutant Insurrection,35.99,-1,View
Crimes & Capers: High School Hijinx,26.99,-1,View
Oath: Chronicles of Empire and Exile,79.99,-1,Out of Stock
Iberian Gauge,29.99,-1,View
Formula D: Circuits 2 Hockenheim and Valencia,14.99,-1,View
Formula D,31.99,-1,Out of Stock
Jamaica Board Game (Second Edition),31.99,-1,View
Tyrants of the Underdark,36.89,-1,View
Genotype,39.99,-1,Out of Stock
Wonder Book,49.99,-1,View
Living Forest,26.99,-1,View
Arkwright The Card Game,26.99,-1,View
Power Grid: Brazil/Spain & Portugal Recharged,14.99,-1,Pre Order
A Game of Thrones: B'twixt,23.99,-1,View
Rise of Ix - Dune: Imperium Expansion,33.99,-1,Out of Stock
Terraforming Mars Big Box,99.99,-1,Out of Stock
Picture Perfect,35.49,-1,View
Citadels Revised Edition,25.95,-1,Out of Stock
Marvel Legendary: Into the Cosmos (expansion),27.99,-1,View
Ticket to Ride Play Pink,4.99,-1,Out of Stock
7 Wonders Architects,32.50,-1,View
Fantasy Realms,15.99,-1,Out of Stock
Fantastic Factories,32.49,-1,View
Railroad Ink Deep Blue Edition,20.99,22.99,Out of Stock
Abyss,41.99,-1,View
War of the Ring: Lords of Middle Earth (expansion),26.99,-1,Out of Stock
Cubitos,45.99,-1,Out of Stock
Legendary: A James Bond Deck Building Game Expansion,30.99,-1,View
Honey Buzz,37.99,-1,Out of Stock
Potion Explosion 2nd Edition,43.99,-1,Out of Stock
Dune: A Game of Conquest and Diplomacy,31.99,-1,View
Summoner Wars 2nd Edition Starter Set,25.00,-1,View
The Resistance,16.99,-1,View
Ticket to Ride: Puzzle Book,11.49,-1,View
Stella - Dixit Universe,26.99,-1,Out of Stock
Dune: Betrayal,16.99,-1,View
World of Warcraft: Wrath of the Lich King - Pandemic,45.99,-1,View
Machi Koro 2,24.99,-1,Out of Stock
The Isle of Cats Explore and Draw,22.49,-1,View
The Isle of Cats - Boats Expansion,18.99,-1,View
The Isle of Cats - Kittens and Beasts Expansion,23.25,-1,Out of Stock
"So, You've Been Eaten (standard edition, from Kickstarter)",24.99,-1,Out of Stock
"So, You've Been Eaten (Kickstarter Collectors Edition)",41.99,-1,Out of Stock
On The Underground Deluxe (preorder),35.99,-1,Pre Order
Stroganov,34.99,-1,View
Stroganov Deluxe Edition (Kickstarter),59.99,-1,View
Cult of the Deep + Deluxe Upgrade Kits,69.99,-1,View
Cult of the Deep,31.99,-1,View
Power Ranges Deck Building Game: Zeo Stronger than Before Expansion,34.99,-1,View
Unlock Puzzle Book,10.99,-1,View
Now or Never,53.89,-1,Out of Stock
Return to Dark Tower,149.99,207.99,Pre Order
The Dragon Prince: Battlecharged,24.99,-1,Out of Stock
Bequest,34.89,-1,View
Gathering of the Wicked - Werewolves - Disney Villains,9.99,-1,View
The Queen's Gambit: The Board Game,15.99,-1,View
"Caverna: Cave Vs Cave, The Big Box",27.75,-1,View
Llamaland,28.79,-1,View
Ankh: Guardians Expansion,30.99,-1,View
Ankh: Gods of Egypt,69.99,-1,View
Ankh: Pharaoh Expansion,38.49,-1,View
Ankh: Pantheon Expansion,44.99,-1,View
Patchwork Halloween,20.00,-1,Out of Stock
So Clover,16.99,-1,Out of Stock
Junk Art 3.0,36.85,-1,Out of Stock
MicroMacro: Crime City - Full House,21.99,-1,Out of Stock
Galaxy Trucker 2nd Edition (restock),26.49,-1,Pre Order
Dinosaur Island Rawr and Write,23.99,-1,Out of Stock
Dinosaur World,44.99,-1,View
Descent: Legends of the Dark,128.99,-1,View
Exploding Kittens: Recipe for Disaster,23.99,-1,View
Chinatown,37.99,-1,Out of Stock
Munchkin: Spongebob Squarepants,18.89,-1,View
Barenpark,26.49,-1,Out of Stock
Zombie Dice,12.99,-1,View
Machi Koro 5th Anniversary Edition,26.99,-1,View
Great Western Trail 2nd Edition,35.49,-1,Out of Stock
Bullet Board Game,31.99,-1,Out of Stock
Curious Cargo,26.49,-1,View
Catan 3d Collectors Edition,239.99,-1,View
Flourish,38.99,-1,Pre Order
Unfathomable,62.99,-1,View
Destinies,40.99,-1,Out of Stock
King of 12 (and promo),14.49,-1,View
Viticulture Tuscany Essential Edition Expansion,22.99,-1,View
Roll Player Adventures: Nefras's Judgement expansion (preorder),35.99,-1,Pre Order
Roll Player Adventures (preorder),119.99,167.49,Pre Order
Cartographers Heroes: Map Pack 3 Undercity (expansion),7.99,-1,View
Cartographers Heroes: Bundle with three expansions,35.99,-1,Out of Stock
Cartographers Heroes: Map Pack 2 Affril (expansion),7.99,-1,View
Cartographers Heroes: Map Pack 1 Nebblis (expansion),7.99,-1,View
Cartographers Heroes,18.99,-1,View
Pandemic Hot Zone Europe,15.99,-1,View
Wrong Party,24.99,-1,View
Stronghold: Undead 2nd Edition,39.75,-1,View
Tiny Acrobats,23.49,-1,View
Gladius,16.49,-1,View
Saloon Tycoon 2nd Edition,18.00,-1,View
Merchants of the Dark Road,43.99,-1,View
Help Arrives!,31.99,-1,View
The Snallygaster Situation Kids on Bikes Board Game (Preorder),46.99,-1,Pre Order
Dwellings of Eldervale Standard Edition (Element cover)(Preorder),79.99,-1,Out of Stock
Dwellings of Eldervale Deluxe Edition (Croc cover)(Preorder),119.99,-1,Out of Stock
Dwellings of Eldervale Legendary Edition (Element cover)(Preorder),149.90,-1,Out of Stock
The Baker Street Irregulars - Sherlock Holmes: Consulting Detective,33.49,-1,Out of Stock
Scythe Neoprene Playmat,24.99,-1,View
MicroMacro: Crime City,22.99,-1,Out of Stock
Hadrian's Wall,38.99,-1,Out of Stock
Men at Work,37.49,-1,Out of Stock
Dinosaur Island,44.49,-1,View
Galaxy Hunters,49.00,-1,View
Scythe Board Game Extension,8.69,-1,Out of Stock
Root: The Exiles and Partisans Deck,7.48,-1,View
The Rival Networks,20.99,-1,Out of Stock
Ticket to Ride: Europe 15th Anniversary Collector's Edition,69.99,-1,Out of Stock
Brew,25.99,-1,Out of Stock
Arkham Horror (third edition): Secrets of the Order Expansion,26.99,-1,View
The Initiative,43.99,-1,Out of Stock
Camel Up 2nd Edition,33.99,42.99,View
Meadow (Damaged),31.99,-1,Out of Stock
Salem 1692,17.49,-1,Out of Stock
Deadwood 1876,17.49,-1,Out of Stock
New York Zoo,28.69,-1,Out of Stock
Calico,31.49,-1,Out of Stock
7 Wonders Duel,18.99,-1,Out of Stock
After the Empire Deluxe Kickstarter Edition,99.99,-1,Out of Stock
7 Ronin,16.49,-1,Out of Stock
Umbrella Academy,20.49,-1,View
Ticket to Ride - United Kingdom Expansion,26.99,-1,Out of Stock
Suburbia 2nd Edition + Expansion Bundle,84.99,-1,View
Suburbia- Expansions 2nd Edition,38.49,-1,View
Suburbia 2nd Edition,49.99,-1,View
Dice Flick,15.99,-1,View
FORT,24.99,-1,Out of Stock
Overboss Board Game: A Boss Monster Adventure,33.99,-1,View
Mandala Stones,26.99,-1,Out of Stock
ROOT (DAMAGED BOX),35.99,-1,Out of Stock
Sleeping Gods: Tides of Ruin,35.99,-1,Out of Stock
Sleeping Gods,66.99,-1,Out of Stock
Carcassonne - 20th Anniversary Edition,39.99,-1,Out of Stock
Summoner Wars 2nd Edition Master Set,44.99,-1,Out of Stock
Coffee Traders,85.99,-1,View
Project L,22.99,-1,Out of Stock
Goblin Teeth,10.00,-1,View
Dunaia,20.00,-1,View
Aquatica: Cold Waters Expansion,22.99,-1,Out of Stock
Elder Sign,29.99,-1,View
Brass Lancashire,54.99,-1,View
Sub Terra,24.99,-1,Out of Stock
Unlock! Escape Adventures,21.99,-1,View
Dice Throne Season 1 Rerolled: Treant v Ninja,24.99,-1,View
Dice Throne Season 1 Rerolled: Pyromancer v Shadow Thief,24.99,-1,Out of Stock
Dice Throne Season 1 Rerolled: Monk v Paladin,25.99,-1,View
Dice Throne Season 1 Rerolled: Barbarian v Moon Elf,25.99,-1,View
Maglev Metro,51.99,-1,Out of Stock
Great Western Trail: Rails to the North Expansion,16.00,-1,Out of Stock
"Hey, That's My Fish!",10.99,-1,Out of Stock
Rivals for Catan: Deluxe,26.99,-1,View
Brass Birmingham,57.99,-1,Out of Stock
Unlock! Exotic Adventures,20.00,-1,View
Unlock! Secret Adventures,21.95,-1,View
Cubitos,51.99,-1,Out of Stock
Dragomino,14.99,-1,Out of Stock
Unlock! Heroic Adventures,21.99,-1,Out of Stock
Scythe: The Rise of Fenris expansion,38.95,-1,View
Fairy Tale Inn,29.99,-1,Out of Stock
The Red Dragon Evil Pooky Expansion,17.99,-1,View
Meadow,36.99,-1,Out of Stock
Azul Summer Pavilion: Glazed Pavilion Expansion,10.00,-1,View
Merchants Cove: The Dragon Rancher Expansion,17.95,-1,Out of Stock
Merchants Cove: The Oracle Expansion,17.95,-1,Out of Stock
Merchants Cove: Innkeeper Expansion,17.95,-1,Out of Stock
Merchants Cove: Secret Stash Expansion,17.95,-1,Out of Stock
Merchants Cove,55.99,-1,View
Glass Road,29.99,-1,Out of Stock
Power Rangers Deck Building Game,32.99,-1,View
Embarcadero,37.99,-1,View
Tiny Epic Pirates: Metal Coins,11.99,-1,Out of Stock
Tiny Epic Pirates: Skull Dice,7.99,-1,View
Tiny Epic Pirates: Curse of Amdiak,11.90,-1,View
Tiny Epic Pirates Player Mats Set of 4,19.20,-1,View
Tiny Epic Pirates Game Mat,22.50,-1,View
Tiny Epic Pirates,20.50,-1,View
Takenoko: Chibi's expansion,14.99,-1,Out of Stock
Streets,24.00,-1,View
Cloudage,39.99,-1,View
Viticulture: Moor Visitors Expansion,13.50,-1,View
Viticulture: Visit from the Rhine Valley Expansion,13.50,-1,View
Viticulture Essential Edition,40.99,-1,View
Scythe: The Wind Gambit (expansion),24.00,-1,View
Scythe: Invaders from Afar Expansion,25.99,-1,View
Scythe,66.99,-1,Out of Stock
Scythe + 2 expansions bundle,81.99,-1,Out of Stock
The Quacks of Quedlinburg Big Box (Damaged box),29.00,-1,Out of Stock
Detective: City of Angels - Bullets over Hollywood,29.99,-1,Out of Stock
Funfair by Good Games,29.50,-1,Out of Stock
The Quacks of Quedlinburg - Alchemists Exp.,19.00,23.99,View
The Quacks of Quedlinburg Big Box,41.50,-1,Out of Stock
Escape Tales: Children of Wyrmwoods,22.89,-1,View
Escape Tales: The Awakening,18.75,-1,View
Snowdonia Board Game: Deluxe Master Set,73.99,-1,Out of Stock
Smash Up: Marvel,26.99,-1,Out of Stock
Gloomhaven Forgotton Circles: Removable Sticker Set,5.50,-1,Out of Stock
Ultra Tiny Epic Kingdoms,11.99,-1,Out of Stock
Ultra Tiny Epic Galaxies,12.79,-1,View
Tiny Epic Zombies,20.99,-1,Out of Stock
Tiny Epic Dinosaurs,20.99,-1,Out of Stock
Ride the Rails,29.99,-1,View
Furnace,31.99,-1,View
Four Gardens,31.49,-1,View
Railroad Ink Shining Yellow Edition (restock),17.99,-1,Pre Order
Railroad Ink Lush Green Edition,20.99,22.99,Out of Stock
Welcome To... 2nd Edition,23.99,-1,Out of Stock
Masters of the Night,29.99,-1,Out of Stock
The Night Cage,38.99,-1,Out of Stock
Gloomhaven Removable Sticker Set,6.00,-1,Out of Stock
King of Tokyo 2nd Edition: Anubis Monster Pack 03,8.30,-1,View
King of Tokyo 2nd Edition: King Kong Monster Pack 02,8.30,-1,Out of Stock
King of Tokyo Bundle: just the expansions,63.00,-1,Out of Stock
King of Tokyo 2nd Edition: Cybertooth Monster Pack 04,8.50,-1,Out of Stock
King of Tokyo 2nd Edition: Cthulhu Monster Pack 01,8.50,-1,View
King of Tokyo with 6 expansions,85.00,-1,Out of Stock
King of Tokyo 2nd Edition: Power Up expansion,12.20,-1,Out of Stock
King of Tokyo 2nd Edition: Halloween expansion,12.50,-1,View
King of Tokyo 2nd Edition,28.49,-1,View
Forbidden Island,22.00,-1,View
Obsession 2nd edition: Upstairs Downstairs expansion,34.00,-1,Out of Stock
Obsession 2nd edition: Promo Tiles,12.00,-1,Out of Stock
Obsession Board Game: 2nd edition (damaged box),54.99,-1,Out of Stock
Obsession 2nd edition; Wessex Expansion,18.75,-1,Out of Stock
Everdell: Pearlbrooke expansion,37.50,-1,Out of Stock
Era: Medieval Age Expansion,19.90,-1,Out of Stock
Dice Academy,9.00,-1,Out of Stock
The Red Dragon Inn 6: Villians,29.90,-1,View
The Red Dragon Inn 4,28.90,-1,View
The Red Dragon Inn 3,29.90,-1,View
The Red Dragon Inn 2,29.90,-1,View
CLANK! Legacy Acquisitions Incorporated: C-Team expansion,17.75,-1,Out of Stock
My First Carcassonne,29.99,33.99,View
Carcassonne,29.99,36.99,View
Pandemic,34.99,-1,View
The Isle of Cats,37.49,-1,Out of Stock
Azul: Crystal Mosaic Expansion,11.75,-1,Out of Stock
CLANK! Legacy Acquisitions Incorporated,73.99,-1,Out of Stock
Xia: Missions and Powers Expansion,15.99,-1,Out of Stock
Xia: Legends of a Drift System - Sellsword Mk2 Expansion,18.99,-1,Out of Stock
Xia: Embers of a Forsaken Star Expansion,42.99,-1,Out of Stock
Xia: Legends of a Drift System,69.99,-1,Out of Stock
Root: The Underworld Expansion,35.99,-1,Out of Stock
Fossilis by Kids Table,31.99,-1,Out of Stock
Streets Deluxe Version,34.99,-1,Out of Stock
1822 The Railways of Great Britain (Kickstarter edition),119.00,-1,Out of Stock
Bristol 1350 Deluxe Edition (kickstarter),34.99,-1,Out of Stock
Bristol 1350,22.99,-1,Out of Stock
SHASN: Presidential Edition,69.00,-1,Pre Order
Aquatica,41.99,-1,Out of Stock
Ticket to Ride,36.99,-1,View
D&D Dragonfire Adventure Pack: Chaos in the Trollclaws,12.50,-1,View
Chocolate Factory: Deluxe Edition,49.00,-1,Out of Stock
Sagrada: Life Expansion,15.00,-1,View
Holi: Festival of Colour,27.50,-1,View
Firefly The Board Game: Cargo Hold Set,10.00,-1,Out of Stock
Detective: LA Crimes expansion,10.00,-1,Out of Stock
Evolution: Time to Fly Expansion,15.00,-1,Out of Stock
Eclipse: Second Dawn for the Galaxy,111.99,-1,Out of Stock
Gloomhaven,97.50,-1,Out of Stock
Onitama - Way of the Wind Expansion,12.95,-1,Out of Stock
Onitama - Sensei's Path Expansion,11.50,-1,Out of Stock
Onitama,25.99,-1,Out of Stock
Dune Imperium,44.99,-1,Out of Stock
Dune Board Game Special Edition,34.99,-1,Out of Stock
Century: A New World,23.50,-1,Out of Stock
Ticket to Ride: Poland Expansion 6.5 (Polska),15.89,-1,View
Twilight Imperium 4th Ed: Prophecy of Kings Expansion,78.00,-1,Out of Stock
Chronicles of Crime 1400,18.99,-1,Out of Stock
Catan 25th Anniversary Edition,56.00,-1,Out of Stock
Wingspan: Oceania expansion,19.99,-1,Out of Stock
Wingspan,43.99,58.99,View
Time Stories Experience,13.00,-1,Out of Stock
Terraforming Mars: Turmoil,29.99,-1,View
Space Cadets: Resistance is mostly Futile,19.00,-1,View
Say Anything Family ed,16.95,-1,Out of Stock
Sagrada: Passion,14.25,-1,View
Rummikub Word,18.00,-1,View
Rick and Morty Rickshaw Redemption,16.00,-1,Out of Stock
Qwirkle - Travel Size,12.25,-1,Out of Stock
More Cash n More Guns,10.00,-1,Out of Stock
Hogwarts Battle: Monsters expansion,20.00,-1,Out of Stock
Harry Potter Charms and Potions expansion,31.25,-1,Out of Stock
Geek Out! Tabletop Ed,16.00,-1,Out of Stock
Game of Thrones Monopoly,21.00,-1,Out of Stock
Compounded Chemical Chaos expansion,2.00,-1,Out of Stock
Chronicles of Crime,25.00,-1,View
Charterstone Recharge,20.00,-1,Out of Stock
Catan Frenemies,4.00,-1,View
Bunny Kingdom Expansion - In the Sky,21.50,-1,Out of Stock
Bunny Kingdom,38.99,-1,Out of Stock
Breakdancing Meeples,18.00,-1,Out of Stock
Blood Rage 5th Player Expansion,25.00,-1,Out of Stock
Agricola Family Edition,26.99,-1,View
Ticket to Ride Europe,35.99,44.99,View
Codenames Marvel,19.20,-1,View
Dinosaur Tea Room,14.50,-1,Out of Stock
Tang Garden,44.50,-1,Out of Stock
Patchwork Christmas,17.95,-1,Out of Stock
Zombie Dice Deluxe,15.49,-1,Out of Stock
My Little Scythe,37.49,-1,View
Mysterium Park,17.85,-1,Out of Stock
Forbidden Sky,18.99,-1,View
Zombie Kidz Evolution,21.00,23.99,View
Takenoko,28.00,-1,Out of Stock
Doctor Who - Time of the Daleks- 7th and 9th Doctor - 5-6 player Expansion,13.00,-1,View
Doctor Who - Time of the Daleks-5th and 10th Doctor- 5-6 player expansion,10.40,-1,Out of Stock
Doctor Who - Time of the Daleks,28.00,-1,Out of Stock
Tiny Epic - Mechs,22.40,-1,View
Dixit,25.99,29.99,View
Unlock! - Heroic Adventures,21.60,-1,Out of Stock
Dungeons & Dragons - Adventure Begins,22.50,-1,Out of Stock
Time Stories Revolutions: A Midsummer Night,20.99,-1,View
Azul,33.99,42.99,View
Ticket to Ride - Amsterdam,17.00,-1,Out of Stock
Unlock! Epic Adventures,19.99,-1,Out of Stock
Obscurio,28.00,-1,Out of Stock
Santorini,24.00,-1,Out of Stock
Wingspan: European expansion,22.00,-1,View
King of Tokyo - Power Up!,9.60,-1,Out of Stock
Munchkin - Guest Artist Edition,23.20,-1,Out of Stock
The Quacks of Quedlinburg - The Herb Witches,19.00,23.99,View
The Quacks of Quedlinburg,34.99,43.99,View
Sagrada 5-6 player expansion,20.99,-1,View
Sagrada,32.89,-1,Out of Stock
Flamme Rouge,30.99,37.99,Out of Stock
The Lord of the Rings - Journeys in middle-earth,64.00,-1,Out of Stock
Mariposas,23.99,-1,Out of Stock
CLANK!,44.00,-1,Out of Stock
Cooper Island,47.50,-1,View
Escape the Dark Sector,24.99,-1,Out of Stock
Doppelganger,19.20,-1,View
Rick and Morty - The Rickshank Rickdemption,31.20,-1,View
Homebrewers,27.50,-1,Out of Stock
Battle Wizards - Panic at the Pleasure Palace,23.20,-1,Out of Stock
Spirit Island: Branch and Claw Expansion,23.49,-1,Out of Stock
Spirit Island,64.99,-1,Out of Stock
Dice Hospital,33.99,-1,View
Gloomhaven - Expansion - Forgotten Circles,18.00,-1,Out of Stock
Essen The Game,21.60,-1,View
Firefly Adventures-Brigands and Browncoats,41.00,50.00,View
The Red Dragon Inn 7 - The Tavern Crew,29.99,-1,View
Knit Wit,25.00,-1,Out of Stock
Root-The Riverfolk Expansion,25.99,-1,Out of Stock
Root: Vagabond Pack Expansion,7.50,-1,Out of Stock
Root: The Clockwork Expansion,31.95,-1,Out of Stock
ROOT,43.99,-1,Out of Stock
Talisman Legendary Tales,24.50,-1,Out of Stock
Oceans Board Game,40.79,-1,Out of Stock
Pendulum,29.50,-1,View
Harry Potter: House Cup Competition,42.50,-1,View
7 Wonders 2nd edition: Armada expansion,24.65,-1,View
7 Wonders 2nd Edition,32.99,-1,View
Small World of Warcraft,43.95,-1,Out of Stock
7 Wonders 2nd Edition: Cities Expansion,15.90,-1,Out of Stock
7 Wonders 2nd Edition: Leaders Expansion,17.50,-1,View
Lost Ruins of Arnak,44.99,-1,Out of Stock
Dice Hospital Community Care Expansion,27.50,-1,View
Marvel Splendor,27.99,38.99,View
Unlock! Star Wars,26.99,-1,View
Gloomhaven: Jaw of the Lion,39.99,-1,Out of Stock
Munchkin: Disney,19.50,-1,View
Harry Potter: A Year At Hogwarts,29.00,-1,Out of Stock
The Lord of the Rings Journeys in Middle Earth: Spreading War Expansion (restock),58.99,-1,Pre Order
The Lord of the Rings Journeys in Middle Earth: Shadowed Paths Expansion (restock),61.89,-1,Pre Order
Everdell: Bellfaire,26.75,-1,Out of Stock
Everdell,48.00,-1,Out of Stock
Periodic: A Game of the Elements,33.99,-1,Out of Stock
Peptide: A Protein Building Game,13.30,-1,Out of Stock
Ion: A Compound Building Game,16.00,-1,Out of Stock
Traintopia,26.00,-1,View
Outfoxed!,17.99,-1,View
Dr Eureka,17.00,-1,View
Decrypto,13.60,-1,Out of Stock
Flamme Rouge Peloton Expansion,22.00,-1,Out of Stock
Compounded: Better chemistry through gaming,22.40,-1,Out of Stock
Lovelace and Babbage,15.25,-1,Out of Stock
Sushi Roll,19.00,-1,Out of Stock
Qwirkle,21.49,-1,View
Cockroach Poker,10.00,-1,View
Marvel Hail Hydra,29.00,-1,Out of Stock
