name,price,price_was,notice
'Z-Man Games Feast for Odin: The Norwegians Expansion,32.40,-1.00,Sold Out
1066 Tears To Many Mothers,31.77,-1.00,Sold Out
13 Days,13.49,20.00,Sold Out
"1565, St. Elmo's Pay",32.99,-1.00,Sold Out
18 Holes,55.00,-1.00,Add to Cart
"1815, Scum of the Earth (1st Print)",36.45,-1.00,Sold Out
1830 (Revised),50.00,-1.00,Sold Out
1862: Railway Mania in The Eastern Counties,60.98,-1.00,Sold Out
1880: China,60.00,-1.00,Add to Cart
1941: Race to Moscow,99.50,-1.00,Add to Cart
1960: The Making of the President,81.99,-1.00,Sold Out
1989: Dawn of Freedom,45.99,-1.00,Sold Out
50 Industrial Metal Coin Set,13.99,-1.00,Sold Out
51st state : Ultimate Edition,69.50,-1.00,Add to Cart
7 Summits,20.63,-1.00,Add to Cart
7 Wonders,28.99,37.99,Sold Out
7 Wonders 2nd edition,37.00,-1.00,Sold Out
7 Wonders Duel: Agora Expansion,21.30,-1.00,Add to Cart
7 Wonders Duel: Pantheon,19.50,-1.00,Sold Out
7 Wonders: Armada,26.00,-1.00,Add to Cart
7 Wonders: Cities,20.90,-1.00,Sold Out
7 Wonders: Leaders,22.00,-1.00,Sold Out
7th Sea : second edition,17.99,53.99,Sold Out
7th Sea: Lands of Gold and Fire,29.70,-1.00,Sold Out
878 Vikings,73.99,69.99,Sold Out
A Distant Plain,55.77,-1.00,Sold Out
A Fake Artist Goes to New York,30.47,-1.00,Sold Out
A Feast For Odin,73.99,89.99,Sold Out
A Fistful Of Meeples,22.99,-1.00,Sold Out
A Game of Thrones: Hand of The King,12.99,-1.00,Sold Out
A Song of Ice & Fire:  – Free Folk Starter Set,69.98,99.99,Sold Out
A Tale of Pirates,35.98,44.99,Sold Out
A Tale of Pirates 2nd edition,44.99,44.99,Add to Cart
A Thousand Year old Vampire (A Role playing game),65.00,-1.00,Sold Out
"A Time for Trumpets: The Battle of the Bulge, December 1944",115.99,148.90,Add to Cart
A Touch of Evil : 10 year Anniversary,69.99,-1.00,Sold Out
A War of Whispers (Second Edition),47.00,-1.00,Add to Cart
A War Of Whispers Board Game: Miniatures Upgrade Pack,45.00,-1.00,Sold Out
A War Of Whispers: Conquests & Treasures,18.00,-1.00,Sold Out
A War of Whispers: Dark Alliances,16.00,-1.00,Add to Cart
Abomination: The Heir of Frankenstein,42.94,-1.00,Sold Out
Above and Below,40.99,46.99,Sold Out
Absolute War! The Russian Front 1941-45,51.99,-1.00,Sold Out
Adrenaline,37.70,-1.00,Sold Out
Aeon's End: Into the Wild,17.78,-1.00,Sold Out
Aeons End 2nd edition,48.99,-1.00,Sold Out
Aeons End Legacy,71.99,-1.00,Sold Out
Aeons End:  The Nameless 2nd edition,19.87,-1.00,Sold Out
Aeons End: Accessory Pack,22.79,-1.00,Add to Cart
Aeons End: Buried Secrets,18.50,-1.00,Sold Out
Aeons End: Reset Pack,24.56,-1.00,Sold Out
Aeons End: The Depths 2nd Edition,18.50,-1.00,Sold Out
Aeons End: The New Age,44.94,-1.00,Sold Out
Aeons End: The Outer dark,17.58,-1.00,Sold Out
Aeons End: The Void,19.87,-1.00,Sold Out
Aeons End: War Eternal,50.00,-1.00,Sold Out
Aeon’s End: Legacy of Gravehold,90.00,-1.00,Add to Cart
Aeon’s End: Outcasts,47.75,-1.00,Sold Out
Aerion,22.18,-1.00,Sold Out
Aeroplanes: Aviation Ascendant,14.99,46.99,Sold Out
After The Empire,68.42,-1.00,Sold Out
After The Virus,31.00,-1.00,Add to Cart
After The Virus: The Long Cold,30.00,-1.00,Add to Cart
Aftermath: An Adventure Book,62.99,-1.00,Sold Out
Afternova,28.97,-1.00,Sold Out
Age of Ascension,20.70,-1.00,Sold Out
Agra,54.00,69.99,Sold Out
Agricola,40.20,-1.00,Sold Out
Agricola 15,97.00,-1.00,Add to Cart
Agricola 5-6 Player Expansion,22.99,-1.00,Sold Out
Agricola Family,30.00,-1.00,Add to Cart
Agricola Game Expansion: Blue,28.99,-1.00,Sold Out
Agricola Game Expansion: Green,39.99,-1.00,Sold Out
Agricola Game Expansion: Purple,39.99,-1.00,Sold Out
Agricola Game Expansion: Red,28.99,-1.00,Sold Out
Agricola Game Expansion: White,29.99,-1.00,Sold Out
Agricola: All Creatures Big and Small – The Big Box,26.99,-1.00,Sold Out
Agropolis,17.50,-1.00,Add to Cart
Ahoy,40.00,-1.00,Add to Cart
"Air, Land & Sea (revised edition)",16.98,-1.00,Sold Out
"Air, Land and Sea",16.23,-1.00,Sold Out
"Air, Land, & Sea: Spies, Lies, & Supplies",17.99,-1.00,Sold Out
Airlines Europe,43.99,-1.00,Sold Out
Akrotiri Revised,25.20,-1.00,Sold Out
Alchemists,49.00,-1.00,Sold Out
Alchemists: The King's Golem,27.45,-1.00,Sold Out
Alhambra (Big Box) Special Edition,60.99,79.99,Sold Out
Alice Is Missing,28.00,-1.00,Sold Out
Alien Artifacts,28.00,-1.00,Add to Cart
Alien Frontiers,44.99,59.99,Sold Out
Alien Frontiers Factions: Definitive Edition,40.85,-1.00,Add to Cart
Alien RPG,35.99,-1.00,Sold Out
Alien RPG : Chariot of The Gods,20.00,-1.00,Sold Out
Aliens: Another Glorious Day in the Corps!,63.00,-1.00,Add to Cart
Aliens: Another Glorious Day in the Corps!: Heroes Of Hadley's Hope,21.99,-1.00,Sold Out
"Aliens: Get Away From Her, You B***h!",43.99,-1.00,Sold Out
Aliens: Ultimate Badasses,21.89,-1.00,Sold Out
All Bridges Burning,52.98,-1.00,Sold Out
Alma Mater,37.47,-1.00,Sold Out
Alone,60.97,-1.00,Sold Out
Altered Carbon RPG,34.10,-1.00,Add to Cart
Altered carbon RPG Deluxe,52.99,-1.00,Add to Cart
Altiplano,39.69,49.99,Sold Out
Altiplano: The Traveler,24.30,-1.00,Sold Out
Alubari,36.50,-1.00,Add to Cart
Anachrony : Exosuit Miniature pack,41.00,-1.00,Sold Out
Anachrony Essential Edition,59.00,-1.00,Sold Out
Anachrony: Classic Expansion Pack,35.00,-1.00,Add to Cart
Anachrony: Exosuit Miniatures Set,31.97,-1.00,Sold Out
Anachrony: Future Imperfect,26.50,-1.00,Add to Cart
Ancient Civilizations of the Inner Sea,65.99,-1.00,Sold Out
Animals on Board,13.50,-1.00,Sold Out
Ankh: Gods of Egypt,88.99,-1.00,Sold Out
Ankhor,18.88,-1.00,Sold Out
Apocalypse Road,65.00,-1.00,Sold Out
Approaching Dawn: The Witching Hour,46.37,-1.00,Add to Cart
Aquatica,46.00,-1.00,Sold Out
Aquatica: Cold Waters,23.77,-1.00,Sold Out
Arboretum,19.99,-1.00,Sold Out
Arboretum: Deluxe Version,27.90,-1.00,Sold Out
Arcadia Quest,66.00,-1.00,Sold Out
Archipelago,39.50,-1.00,Sold Out
Architects of the West Kingdom,39.98,-1.00,Sold Out
Architects of The West Kingdom - Playmat,32.00,-1.00,Add to Cart
Architects Of The west Kingdom: Age Of Artisans,27.84,-1.00,Sold Out
Ark Nova,62.00,-1.00,Add to Cart
Arkham Horror (Third Edition): Secrets of the Order,33.49,-1.00,Add to Cart
Arkham Horror : Card Game,31.27,39.99,Sold Out
Arkham Horror : The City of Archives,17.10,-1.00,Add to Cart
Arkham Horror : The Depths of Yoth Mythos Pack,15.00,-1.00,Add to Cart
Arkham Horror Card Game: Edge of The Earth Investigators,34.99,-1.00,Sold Out
Arkham Horror LCG: Return to the Forgotten Age,29.77,-1.00,Sold Out
Arkham Horror Third Edition,47.99,-1.00,Sold Out
Arkham Horror Third Edition Gamemat!,21.99,-1.00,Sold Out
Arkham Horror: Machinations Through Time,23.00,-1.00,Add to Cart
Arkham Horror: The Card Game (Revised Edition),47.99,-1.00,Sold Out
Arkham Horror: The Card Game – Fortune and Folly: Scenario Pack,27.00,-1.00,Add to Cart
Arkham Horror: The Card Game – Shattered Aeons: Mythos Pack,19.99,-1.00,Add to Cart
Arkham Horror: The Card Game – The Dunwich Legacy: Expansion,26.00,-1.00,Add to Cart
Arkham Horror: The Card Game – The Essex County Express: Mythos Pack,15.60,-1.00,Add to Cart
Arkham Horror: The Innsmouth Conspiracy,31.45,29.99,Add to Cart
Arkwright,63.99,72.99,Sold Out
Arkwright The Card Game,31.92,-1.00,Add to Cart
Around the World in 80 days,21.85,-1.00,Sold Out
Ascension: Darkness Unleashed,21.49,-1.00,Sold Out
Ashes Reborn: Rise of the Phoenixborn,38.94,-1.00,Sold Out
Asmodee COLT01 Colt Express,35.99,-1.00,Sold Out
Astro Drive,12.67,-1.00,Add to Cart
Atheneum: Mystic Library,34.77,44.99,Sold Out
Atiwa,51.00,-1.00,Sold Out
Atlantic Chase,58.99,-1.00,Sold Out
Atlantis Rising (Second Edition),61.00,-1.00,Add to Cart
Atlas Mundi Immersive Battlemap,35.99,-1.00,Add to Cart
Autumn Harvest: A Tea Dragon Society Game,26.00,-1.00,Add to Cart
Auztralia,70.00,-1.00,Add to Cart
Axis & Allies: 1942 second edition,55.99,-1.00,Sold Out
Azul,34.50,-1.00,Sold Out
Azul : Summer pavillion,37.99,-1.00,Sold Out
Azul: Queen's Garden,49.99,-1.00,Sold Out
Azul: Stained Glass of Sintra,29.94,-1.00,Sold Out
Babylonia,38.99,-1.00,Sold Out
Bad Bones,33.78,-1.00,Sold Out
Bad Company,60.00,-1.00,Sold Out
Bad Maps,23.49,-1.00,Add to Cart
Bamboo,41.30,-1.00,Add to Cart
Banana Bandido,21.99,-1.00,Add to Cart
Bang The Card Game (4th edition),21.30,-1.00,Sold Out
Bang: The Bullet: Deluxe Edition,38.99,-1.00,Sold Out
Barenpark,19.60,-1.00,Sold Out
Bärenpark: The Bad News Bears,17.98,-1.00,Sold Out
Bargain Quest,29.94,-1.00,Sold Out
Bargain Quest: Chaotic Goods,9.28,-1.00,Sold Out
Bargain Quest: Sunk Costs,20.77,-1.00,Add to Cart
Bargain Quest: The Black Market Expansion,22.99,-1.00,Add to Cart
Barkers Row,34.99,-1.00,Add to Cart
Barrage,64.75,-1.00,Sold Out
Bastion,19.80,-1.00,Sold Out
Batman Tango With Evil 1000-Piece Puzzle,17.99,-1.00,Sold Out
Batman: I am the Night Puzzle,19.50,-1.00,Sold Out
Battle For Rhode island,46.47,-1.00,Add to Cart
Battle For Rokugan,30.60,-1.00,Sold Out
Battle Line,19.77,-1.00,Sold Out
Battle Line: Medieval Edition,22.28,-1.00,Sold Out
Battle Of Britain,14.99,-1.00,Sold Out
Battlestar Galactica: Starship Battles,41.49,-1.00,Sold Out
Beez,25.95,-1.00,Sold Out
Before The Earth Explodes,16.99,-1.00,Add to Cart
Belratti,21.00,-1.00,Sold Out
Beneath the Med,39.99,-1.00,Sold Out
Betrayal : Legacy,74.00,-1.00,Sold Out
Betrayal at baldurs Gate,45.00,-1.00,Add to Cart
Betrayal at House on the Hill,34.99,47.99,Sold Out
Betrayal at House on the Hill :Widows Walk,24.99,-1.00,Sold Out
Between Two Castles,27.94,-1.00,Sold Out
Between Two Cities,30.98,-1.00,Add to Cart
Beyond Baker Street,19.99,34.99,Sold Out
Beyond The Edge,59.99,-1.00,Sold Out
Beyond the Sun,59.99,-1.00,Sold Out
Big City: 20th Anniversary Jumbo Edition,85.94,-1.00,Sold Out
Birdwatcher,37.50,-1.00,Add to Cart
Bitoku,39.99,-1.00,Sold Out
Black Angel,40.90,-1.00,Sold Out
Black Orchestra,57.00,-1.00,Add to Cart
Black Orchestra: Conspirator Pack #2,19.99,-1.00,Sold Out
Black Rose Wars,59.94,-1.00,Sold Out
Blackout: Hong Kong,34.99,-1.00,Add to Cart
Blitzkrieg,37.50,-1.00,Sold Out
Blood on the Clocktower (Retail Version),140.00,-1.00,Sold Out
Blood Rage,76.00,79.99,Sold Out
Blood Red Skies: Battle Of Midway,56.00,-1.00,Add to Cart
Bloodborne: The Board Game,71.93,-1.00,Sold Out
Blue Lagoon,23.94,-1.00,Sold Out
Bonfire,34.99,54.99,Add to Cart
Boonlake,47.99,-1.00,Sold Out
Bosk,34.99,-1.00,Add to Cart
Boss Monster 10th Anniversary edition,32.00,-1.00,Add to Cart
Bot factory (Kickstarter Edition),78.00,-1.00,Add to Cart
Boufbowl,49.99,-1.00,Add to Cart
Brass Lancashire Deluxe Edition,175.00,-1.00,Sold Out
Brass: Birmingham,75.00,-1.00,Add to Cart
Brass: Lancashire,48.94,-1.00,Sold Out
Bristol 1350,24.99,-1.00,Sold Out
Bruxelles 1897,25.60,-1.00,Add to Cart
Bullet,33.99,-1.00,Sold Out
bumuntu,32.94,-1.00,Sold Out
Bunny Kingdom,40.99,-1.00,Sold Out
Bunny Kingdom: In the sky expansion,22.44,-1.00,Sold Out
Burgle Bros,35.99,-1.00,Sold Out
Burgle Bros 2: The Casino Capers,53.99,-1.00,Sold Out
Bus,61.50,-1.00,Sold Out
Caesar: Seize Rome in 20 Minutes,30.00,-1.00,Sold Out
Cafe,23.99,-1.00,Sold Out
Cahoots,17.99,-1.00,Sold Out
Cairn,33.00,-1.00,Add to Cart
Calico,43.00,39.99,Add to Cart
Call of Archons : Archon Deck,13.50,-1.00,Add to Cart
Call To Adventure,31.97,38.99,Sold Out
Call to Adventure: Name of the Wind,17.99,-1.00,Sold Out
Call To Adventure: The Stormlight Archive,41.00,-1.00,Sold Out
Camel up,31.80,-1.00,Sold Out
Camel Up: Off Season,27.77,-1.00,Add to Cart
Canvas,34.48,-1.00,Sold Out
Capital City,10.98,-1.00,Sold Out
Captain Sonar,31.98,-1.00,Sold Out
Captain Sonar (2022),40.50,-1.00,Sold Out
Captain Sonar: Upgrade One,13.82,-1.00,Sold Out
Carcassonne,35.99,32.99,Sold Out
Carcassonne : Safari,34.00,-1.00,Sold Out
Carcassonne Big Box 2017,75.99,-1.00,Sold Out
Carcassonne: 20th Anniversary edition,44.00,-1.00,Sold Out
Carcassonne: Amazonas,19.99,32.99,Sold Out
Carcassonne: Hunters and Gatherers,31.98,-1.00,Sold Out
Carcassonne: Inns & Cathedrals,18.99,-1.00,Sold Out
Carcassonne: Traders & Builders,20.99,-1.00,Sold Out
Carson City Big Box,72.00,-1.00,Sold Out
Cartographers : A Roll player game,22.49,-1.00,Sold Out
Cartographers Heroes,20.18,-1.00,Sold Out
Cascadia,52.00,-1.00,Sold Out
Castell,36.90,-1.00,Sold Out
Castle Climbing Frog,26.99,-1.00,Sold Out
Castle panic,29.60,-1.00,Sold Out
Castle Panic Big Box,69.99,-1.00,Sold Out
Castle Panic Big Box 2nd Edition,105.00,-1.00,Sold Out
Castle Ravenloft Boardgame,48.99,-1.00,Sold Out
Catan (2015),34.99,-1.00,Sold Out
Catan 3D,188.00,-1.00,Sold Out
Catan : Rise of the Incas,45.44,-1.00,Sold Out
Catan Junior,34.99,-1.00,Sold Out
Catan: 25th Anniversary Edition,53.98,-1.00,Sold Out
Catan: Cities & Knights Expansion,31.94,-1.00,Sold Out
Catan: Explorers & Pirates,40.95,-1.00,Sold Out
Catan: Seafarers Scenario – Legend of the Sea Robbers,33.99,-1.00,Sold Out
Catan: starfarers,85.00,98.99,Sold Out
Catan: The Legend of the Conquerors (Cities & Knights),39.20,-1.00,Add to Cart
"Catan: Treasures, Dragons & Adventurers",38.98,-1.00,Add to Cart
Catch The Moon XXL,54.99,-1.00,Sold Out
Cavern Tavern,32.40,-1.00,Sold Out
Caverna,65.99,-1.00,Sold Out
Caverna: Cave vs Cave,18.55,-1.00,Sold Out
Caverna: Frantic Fiends,27.94,-1.00,Sold Out
Caverna: The Forgotten Folk,20.50,-1.00,Sold Out
Caylus 1303 : Second Edition,34.00,-1.00,Sold Out
Centauri Saga,36.90,-1.00,Sold Out
Century Eastern Wonders,26.77,-1.00,Sold Out
Century Spice Road,35.00,-1.00,Add to Cart
Century: A New World,26.10,-1.00,Sold Out
Century: Golem edition Eastern Mountains,28.99,-1.00,Sold Out
Century: Golem Edition – Eastern Mountains,27.99,-1.00,Sold Out
Cerebria : the inside World,48.99,-1.00,Sold Out
Champions of Midgard,48.00,-1.00,Add to Cart
Charterstone,49.89,67.00,Sold Out
Chinatown,35.93,39.99,Sold Out
Chocobo : Party Up,35.47,-1.00,Sold Out
Chocolate Factory,37.94,-1.00,Sold Out
Chocolate factory: Deluxe Edition,49.99,-1.00,Sold Out
Choose your own adventure : House of Danger,21.50,-1.00,Sold Out
Choose Your Own Adventure: War with the Evil Power Master,20.38,-1.00,Sold Out
Chronicles of Crime,24.94,-1.00,Sold Out
Chronicles of Crime: 1400,24.99,-1.00,Add to Cart
Circadians: Chaos Order,54.99,-1.00,Add to Cart
Citadels,25.20,-1.00,Sold Out
Citadels Classic,24.30,-1.00,Sold Out
Cities Of Splendor (Splendor expansion),22.47,-1.00,Sold Out
City Of Gears,31.75,-1.00,Add to Cart
City of Kings,53.97,-1.00,Sold Out
Civilization : A New Dawn,59.99,49.99,Sold Out
Clank,42.78,-1.00,Sold Out
Clank Legacy: Aquisitions Incorportated,73.99,-1.00,Sold Out
Clank! Catacombs,61.00,-1.00,Sold Out
Clank! Expeditions: Gold and Silk,16.00,-1.00,Sold Out
Clank! In! Space!,44.99,-1.00,Sold Out
Clank! In! Space! Apocalypse!,21.50,-1.00,Sold Out
Clank! The Mummy's Curse,23.49,-1.00,Sold Out
Clank: Adventuring Party,26.47,-1.00,Sold Out
Clans of Caledonia,39.49,-1.00,Sold Out
Clash of Cultures: Monumental Edition,112.00,-1.00,Sold Out
"Clash of Sovereigns: The War of the Austrian Succession, 1740-48",68.60,-1.00,Add to Cart
claustrophobia 1643,200.00,-1.00,Sold Out
Cleopatra and the Society of Architects,55.94,-1.00,Add to Cart
Clever Cubed Dice Game,20.99,-1.00,Sold Out
Clinic: deluxe Edition,55.75,-1.00,Sold Out
CloudAge,40.08,-1.00,Add to Cart
Cloudspire,145.00,-1.00,Sold Out
Cluedo Downton Abbey,33.99,-1.00,Add to Cart
CO2 Second Chance,68.99,-1.00,Sold Out
Cockroach Poker,12.97,-1.00,Sold Out
Code 3,44.84,-1.00,Add to Cart
Codename Pictures,16.19,-1.00,Sold Out
Codenames,17.10,-1.00,Sold Out
Codenames : Deep Undercover 2,22.40,-1.00,Sold Out
Codenames : Disney,24.99,24.99,Sold Out
Codenames : Marvel,23.18,-1.00,Sold Out
Codenames Duet,17.99,-1.00,Sold Out
Codenames: Simpsons,18.00,-1.00,Add to Cart
Coffee Roaster,27.99,-1.00,Sold Out
Coffee Traders,79.00,-1.00,Sold Out
Coimbra,35.94,-1.00,Sold Out
Coloma,46.77,-1.00,Sold Out
Colt Express Big Box,39.99,-1.00,Sold Out
Colt Super Express,14.99,-1.00,Sold Out
Coma Ward,44.99,-1.00,Sold Out
Comanauts,19.98,-1.00,Sold Out
Combat Commander: Pacific (second edition),62.97,-1.00,Sold Out
Combo Fighter,26.45,-1.00,Sold Out
Combo Fighter : Vs Pack 1,18.99,-1.00,Sold Out
Come Together,60.50,-1.00,Add to Cart
Commands & Colors: Ancients,59.00,-1.00,Add to Cart
Concordia,53.00,-1.00,Add to Cart
Concordia Venus,55.80,-1.00,Sold Out
Concordia Venus :Balearica and Italia Map,18.88,-1.00,Sold Out
Concordia: Venus (Expansion),29.94,-1.00,Sold Out
Condottiere 2018,26.18,-1.00,Sold Out
Confident? UK Edition,22.99,-1.00,Sold Out
Cooper island,50.20,-1.00,Add to Cart
Copenhagen,43.98,-1.00,Sold Out
CoraQuest,39.00,-1.00,Add to Cart
Core Connection: Rise of Atlantis,30.17,-1.00,Add to Cart
Core Space Crew Booster Cygnus,19.56,-1.00,Sold Out
Core Space Deluxe Rule Book,27.00,-1.00,Sold Out
Core Space Starter Set,92.00,79.99,Add to Cart
Core Space: First Born,78.40,-1.00,Add to Cart
Coriolis: Mercies of The Icons Part 1,29.94,-1.00,Add to Cart
Cosmic Colonies,40.94,-1.00,Add to Cart
Cosmic Encounter (revised Edition),62.00,59.99,Sold Out
Cosmic Encounter Duel,32.99,-1.00,Sold Out
Cosmic Encounters 42nd Anniversary,39.95,-1.00,Sold Out
Cosmic Encounters : Cosmic Incursion,23.40,-1.00,Sold Out
Coup,15.00,-1.00,Sold Out
Coup Rebellion,18.90,-1.00,Sold Out
Coup Reformation,11.77,-1.00,Sold Out
Court Of The Dead: Mourners call,66.99,-1.00,Sold Out
Creature Comforts,39.94,-1.00,Sold Out
Crokinole,223.99,-1.00,Sold Out
Crossfire,11.70,-1.00,Sold Out
Crown of Emara,37.53,-1.00,Sold Out
Cry Havoc,40.00,-1.00,Sold Out
Cryo,43.50,-1.00,Add to Cart
Crypt,14.40,-1.00,Sold Out
Cryptid,26.80,-1.00,Sold Out
Crystal Clans,26.99,-1.00,Sold Out
Crystal Clans: Fang Clan,12.00,-1.00,Add to Cart
Crystal Clans: Leaf Clan,8.00,-1.00,Add to Cart
Crystal Clans: Shadow Clan,15.00,-1.00,Add to Cart
Cthulhu Fluxx,13.27,-1.00,Sold Out
Cthulhu Tales,20.70,-1.00,Sold Out
Cthulhu Wars,156.00,-1.00,Sold Out
Cthulhu Wars: Duel,27.99,-1.00,Sold Out
Cthulhu: Death May Die,103.00,99.99,Sold Out
Cthulhu: Death May Die – Season 2 Expansion,48.66,64.99,Sold Out
Cubitos,45.37,-1.00,Sold Out
Cult of the Deep,37.60,-1.00,Add to Cart
Curious cargo,29.99,-1.00,Add to Cart
Cytosis,31.77,-1.00,Sold Out
D day Dice,51.99,-1.00,Add to Cart
D&D : Out of the Abyss,30.00,-1.00,Sold Out
D&D : Sword Coast,30.00,-1.00,Sold Out
D&D Elemental Evil :Princes of the Apocalypse Adventure,35.00,-1.00,Sold Out
D&D Monster Manual,35.00,-1.00,Sold Out
D&D The Cult of Dragons: The rise of Tiamat,30.00,-1.00,Sold Out
D&D Tomb of Annihilation,29.99,-1.00,Sold Out
D-Day Dice 2nd edition : Way to Hell Expansion,25.40,-1.00,Sold Out
Dark Ages: Holy Roman Empire,91.00,-1.00,Add to Cart
Dark Moon: Shadow Corporation,25.97,-1.00,Sold Out
Darwin's Journey,49.99,-1.00,Sold Out
Days of Ire: Budapest 1956,62.00,-1.00,Sold Out
Dead Man's Cabal,49.20,-1.00,Add to Cart
Dead Mans Doubloons,31.60,-1.00,Sold Out
Dead men Tell No tales,44.40,-1.00,Add to Cart
Dead men Tell No tales: Kraken Expansion,35.50,-1.00,Add to Cart
Dead of Winter,52.43,54.99,Sold Out
Dead of Winter : The long night,43.18,59.99,Sold Out
Deal with the Devil,60.70,-1.00,Add to Cart
Dear Leader,40.00,-1.00,Sold Out
Death Valley: Battles for the Shenandoah,82.99,-1.00,Sold Out
Deception : Murder in Hong Kong,32.73,34.99,Sold Out
Decorum,42.99,-1.00,Sold Out
Decrypto,29.00,-1.00,Sold Out
Deep Blue,32.29,-1.00,Sold Out
Deep sea adventure,15.00,-1.00,Sold Out
Deep Space D-6,34.80,-1.00,Add to Cart
Deep Space D-6: Armada,60.99,-1.00,Sold Out
Deep Space D-6: The Endless,17.00,-1.00,Add to Cart
Descent: Journeys in the dark : 2nd Edition,54.98,-1.00,Sold Out
Descent: Legends of the Dark,131.00,-1.00,Sold Out
Destinies,43.50,-1.00,Sold Out
Detective Club,24.99,-1.00,Sold Out
Detective: A Modern Crime Board Game – L.A. Crimes,19.67,-1.00,Add to Cart
Detective: A Modern Crime Board Game: Dig Deeper,12.47,-1.00,Sold Out
DETECTIVE: A MODERN CRIME GAME,39.65,-1.00,Sold Out
Detective: City of Angels,97.00,-1.00,Add to Cart
Detective: City of Angels – Bullets over Hollywood,39.00,-1.00,Add to Cart
Detective: Season 1,22.99,-1.00,Add to Cart
Dice,10.00,-1.00,Add to Cart
Dice City,32.56,-1.00,Sold Out
Dice Forge,32.99,-1.00,Sold Out
Dice Forge : Rebellion,25.99,-1.00,Sold Out
Dice Hospital,31.77,-1.00,Sold Out
Dice Settlers,42.96,-1.00,Add to Cart
Dice Settlers: Western Sea,30.99,-1.00,Sold Out
Dice Theme Park,41.85,-1.00,Sold Out
DINKS & DENTS Concordia,40.99,-1.00,Sold Out
DINKS & DENTS Near & Far,47.99,-1.00,Sold Out
DINKS & DENTS Rajas of the Ganges,34.99,-1.00,Sold Out
DINKS & DENTS Sherlock Holmes Consulting Detective: Carlton House & Queen's Park,24.99,-1.00,Sold Out
Dinosaur Island,47.99,-1.00,Sold Out
Dinosaur island: Totally Liquid,27.60,43.99,Sold Out
Dinosaur World,49.00,-1.00,Add to Cart
Diplomacy,46.99,-1.00,Add to Cart
Discover: Lands Unknown,30.50,-1.00,Sold Out
Disney Colourbrain,21.99,-1.00,Sold Out
Distilled,84.00,-1.00,Sold Out
Distilled: Africa & Middle East Expansion,23.50,-1.00,Sold Out
District 9: The Board Game,95.00,-1.00,Add to Cart
Dixit,25.40,-1.00,Sold Out
Dixit Odyssey,29.99,-1.00,Sold Out
Dobble: Harry Potter,14.98,-1.00,Sold Out
Dogfight!: Rule The Skies in 20 Minutes!,31.60,-1.00,Add to Cart
Dojo Kun,39.50,-1.00,Sold Out
"Dominant Species (2nd edition, 4th Printing)",59.00,-1.00,Sold Out
Dominant Species: Marine,61.50,-1.00,Sold Out
Dominations: Road to Civilization,50.99,-1.00,Sold Out
Dominion (2nd Edition),39.99,44.99,Sold Out
Dominion Big Box (2nd Edition),79.99,-1.00,Add to Cart
Dominion: Adventures,42.00,-1.00,Sold Out
Dominion: Dark Ages,35.98,-1.00,Sold Out
Dominion: Intrigue 2nd Edition (expansion),33.99,-1.00,Sold Out
Dominion: Menagerie,34.94,-1.00,Sold Out
Dominion: Nocturne,39.99,-1.00,Sold Out
Dominion: Seaside,35.77,-1.00,Sold Out
Dorfromantik: The Board Game,38.00,-1.00,Add to Cart
Downforce,27.38,-1.00,Sold Out
Dragon Castle,39.99,46.99,Sold Out
Dragon Rage,18.00,-1.00,Sold Out
Drawn to Adventure,24.99,-1.00,Add to Cart
Dreadful Circus,24.57,-1.00,Add to Cart
Dual Powers: Revolution 1917,31.19,-1.00,Sold Out
Duelosaur Island,24.50,-1.00,Sold Out
Dunaia,21.99,-1.00,Add to Cart
Dune,30.97,-1.00,Sold Out
Dune Board Game: Special Edition,37.99,-1.00,Sold Out
DUNE GAME MAT (36′ X 24′),28.99,-1.00,Sold Out
Dune Imperium: Deluxe Upgrade Pack,59.99,-1.00,Sold Out
Dune: A Game of Conquest and Diplomacy,33.94,-1.00,Sold Out
Dune: Betrayal,17.99,-1.00,Add to Cart
Dune: House Secrets,23.64,-1.00,Add to Cart
Dune: Imperium,49.50,-1.00,Sold Out
Dune: Imperium – Immortality.,31.60,-1.00,Sold Out
Dune: Imperium – Rise of Ix,49.99,-1.00,Sold Out
Dune: ixians and Tleilaxu House expansion,10.98,-1.00,Sold Out
Dungeon Academy,23.77,-1.00,Add to Cart
Dungeon Alliance,56.47,-1.00,Sold Out
Dungeon Crawl Classics: Glory & Gold Won By Sorcery & Sword (Hardcover),29.99,-1.00,Sold Out
Dungeon Crawl Classics: Sailors Of The Starless Sea (Foil Collectors edition),22.99,-1.00,Sold Out
Dungeon Crawl Classics: Shanna Dahaka Limited Edition (Hardback),39.99,-1.00,Sold Out
Dungeon Derby (Kickstarter),55.00,-1.00,Sold Out
Dungeon Mayhem,12.96,-1.00,Sold Out
Dungeon of the mad mage,65.00,-1.00,Sold Out
Dungeons & Dragons Onslaught:  Core Set,135.00,-1.00,Add to Cart
Dungeons And Lasers: Fantasy Starter Set,36.99,-1.00,Sold Out
Dwar7s Fall,20.94,-1.00,Sold Out
Dwellings of Eldervale Legendary Edition (Croc cover),185.99,-1.00,Sold Out
Dwellings of Eldervale: Deluxe edition Element Cover,114.99,-1.00,Sold Out
Dwellings of Eldervale: Minotaur (miniature),10.00,-1.00,Sold Out
Eclipse: 2nd Dawn For The Galaxy,107.99,-1.00,Sold Out
Eclipse: 2nd dawn for the Galaxy PLAYMAT,44.99,-1.00,Sold Out
ECOS: First Continent,46.99,-1.00,Sold Out
Edge of the Earth Campaign Expansion : Arkham Horror Card Game,55.99,-1.00,Add to Cart
Eldritch Horror,52.00,54.99,Add to Cart
Eldritch Horror: Masks of Nyarlathotep,29.00,-1.00,Add to Cart
Embarcadero,37.67,-1.00,Add to Cart
Empire Of The Sun: Second Edition reprint,59.99,-1.00,Sold Out
Empires: Age of Discovery Deluxe Edition,119.99,-1.00,Sold Out
Endeavor : Age of Sail,58.99,-1.00,Sold Out
Endless Winter: Ancestors,27.00,-1.00,Sold Out
Endless Winter: Cave Paintings,26.00,-1.00,Sold Out
Endless Winter: Paleoamericans,53.99,-1.00,Sold Out
Endless Winter: Rivers & Rafts,26.00,-1.00,Sold Out
Endure The Stars,47.70,-1.00,Sold Out
Enemy Within Campaign – Volume 1: Enemy in Shadows: Collectors Edition: Directors Cut,106.99,-1.00,Sold Out
Equinox - Green Box,20.70,-1.00,Add to Cart
Equinox - Purple Box,28.08,-1.00,Sold Out
Era : medieval age,39.40,-1.00,Sold Out
Escape from 100 Million BC,48.99,-1.00,Sold Out
Escape from Colditz 75th Anniversary,45.99,-1.00,Sold Out
Escape from the Aliens in Outer space,24.99,-1.00,Sold Out
Escape Plan Retail,103.99,-1.00,Sold Out
Escape Plan Upgrade pack,29.99,-1.00,Add to Cart
Escape Room in a Box: The Walking Dead,39.99,-1.00,Sold Out
Escape tales : Low Memory,22.99,-1.00,Add to Cart
Escape tales Card game: The awakening,23.30,-1.00,Add to Cart
Escape Tales: Children of Wyrmwoods,24.97,-1.00,Add to Cart
Escape The Dark Castle,25.98,-1.00,Sold Out
Escape the Dark Castle: Adventure Pack 1: Cult of The Death Knight,14.98,-1.00,Sold Out
Escape The dark Sector,35.99,-1.00,Sold Out
Ethnos,34.47,-1.00,Sold Out
Euphoria: Build A Better Utopia,48.94,-1.00,Sold Out
Euphoria: Ignorance is Bliss (Expansion),19.93,-1.00,Sold Out
Europe Divided,35.98,-1.00,Sold Out
Everdell,48.50,59.99,Sold Out
Everdell : Bellfaire Expansion,31.94,-1.00,Sold Out
Everdell : Pearlbrook expansion,39.99,-1.00,Sold Out
Everdell : Spirecrest expansion,43.99,-1.00,Sold Out
Everdell Pearlbrook: Pearls,12.99,-1.00,Add to Cart
Everdell: Pearlbrook – Freshwater Pack,11.99,-1.00,Sold Out
Evidence,10.45,-1.00,Add to Cart
Evolution,37.60,-1.00,Sold Out
Evolution: Climate,47.94,-1.00,Sold Out
Exit: The Game – Advent Calendar: The Silent Storm,42.00,-1.00,Add to Cart
Expedition Luxor,20.98,-1.00,Add to Cart
Expedition to Newdale,38.99,-1.00,Sold Out
Expedition: Deluxe edition,41.17,-1.00,Add to Cart
Exploding Kittens : Original Edition,21.50,19.99,Sold Out
Explorers of the North Sea,42.99,-1.00,Sold Out
Extra Engines Pack (Extra Trains),30.00,-1.00,Add to Cart
Fairy Tale Inn,37.98,-1.00,Sold Out
Falling Sky: The Gallic Revolt Against Caesar,66.97,-1.00,Sold Out
Fallout,52.98,-1.00,Sold Out
Fallout Shelter: The Board Game,30.94,39.99,Sold Out
Fallout: Atomic Bonds: Co-op Upgrade Pack,16.50,-1.00,Sold Out
Fallout: New California,31.99,-1.00,Sold Out
Fallout: Wasteland Warfare,46.98,-1.00,Sold Out
Fantastic Factories,32.48,-1.00,Sold Out
Fantastic Factories: Malfunctions,24.99,-1.00,Sold Out
Fantastic Factories: Subterfuge,16.01,-1.00,Add to Cart
Fantasy Series 1,135.00,-1.00,Sold Out
Fantasy World Creator,62.99,-1.00,Sold Out
Fantasy World Creator: treasure Pack,46.94,-1.00,Add to Cart
Farlight,25.20,-1.00,Sold Out
Farsight: The War Chest,45.00,-1.00,Sold Out
Fast Sloths,48.99,-1.00,Sold Out
Fast Sloths: The Next Holiday,18.77,-1.00,Add to Cart
Feed the Kraken: Deluxe edition,69.94,-1.00,Sold Out
Feudalia,33.99,-1.00,Add to Cart
Feudum,55.60,-1.00,Sold Out
Fiasco,24.99,-1.00,Sold Out
Fields of Arle,58.40,-1.00,Sold Out
Fields Of Arle : Tea & Trade,37.99,-1.00,Sold Out
Fields Of Green,33.99,-1.00,Sold Out
Final Girl: Box Of Props,35.00,-1.00,Add to Cart
Final Girl: Carnage at the Carnival,27.00,-1.00,Sold Out
Final Girl: Core Box,27.00,-1.00,Sold Out
Final Girl: Frightmare On Maple Lane,31.00,-1.00,Sold Out
Final Girl: Game Mat Bundle,38.00,-1.00,Sold Out
Final Girl: Happy Trails Horror,31.00,-1.00,Sold Out
Final Girl: Haunting Of Creech Manor,31.00,-1.00,Add to Cart
Final Girl: Into The Void,26.80,-1.00,Add to Cart
Final Girl: Knock At The Door,26.80,-1.00,Add to Cart
Final Girl: Madness In The dark,26.80,-1.00,Sold Out
Final Girl: Once Upon A Full Moon,26.80,-1.00,Add to Cart
Final Girl: Panic At Station 2891,26.80,-1.00,Add to Cart
Final Girl: Season 2 Game miniatures,36.00,-1.00,Add to Cart
Final Girl: Season 2 Terror From the Grave,19.00,-1.00,Sold Out
Final Girl: Slaughter In The Groves,26.00,-1.00,Sold Out
Fire & Stone: Siege of Vienna 1683,51.50,-1.00,Add to Cart
Fire & Stone: The Siege of Vienna 1683 Playmat,36.00,-1.00,Add to Cart
Fire Clan : Crystal clans,12.00,-1.00,Add to Cart
Fire Dragon,23.99,-1.00,Sold Out
Fire in the lake : Second Edition,66.50,-1.00,Sold Out
Fire in the Sky: The Great Pacific War 1941-1945,48.99,-1.00,Sold Out
Fireball Island,57.20,-1.00,Sold Out
"Fireball Island: The Curse of Vul-Kar – Crouching Tiger, Hidden Bees!",17.77,-1.00,Sold Out
Fireball Island: The Curse of Vul-Kar – The Last Adventurer,19.52,-1.00,Sold Out
Fireball Island: The Curse of Vul-Kar – Treasure Trove,18.99,-1.00,Sold Out
Fireball Island: Wreck of the Crimson Cutlass,33.97,-1.00,Sold Out
Fired Up,51.60,-1.00,Add to Cart
Firefly Adventures: Brigands and Browncoats,31.34,-1.00,Sold Out
Firefly The Game (special Edition),43.99,-1.00,Sold Out
Firefly The Game: Cargo Hold,16.99,-1.00,Sold Out
Firefly: Artful Dodger Booster,14.99,-1.00,Sold Out
Firefly: Big Money expansion,14.99,-1.00,Sold Out
Firefly: Breakin Atmo,15.99,-1.00,Sold Out
Firefly: Misbehavin,49.00,-1.00,Sold Out
Firefly: The Game - Pirates & Bounty Hunters,22.18,-1.00,Sold Out
Firefly: The Game – Blue Sun,29.27,-1.00,Sold Out
Firefly: The Game – Crime & Punishment,18.99,-1.00,Sold Out
Firefly: The Game – Esmeralda,16.18,-1.00,Sold Out
Firefly: The Game – Jetwash,19.99,-1.00,Sold Out
Firefly: The Game – Kalidasa,25.40,-1.00,Sold Out
First Falling Leaf Ltd Sins RPG: GM Screen,18.00,-1.00,Sold Out
First Martians: Adventures on the Red Planet,35.99,-1.00,Sold Out
Five Tribes,45.97,-1.00,Sold Out
Five Tribes: Whims of the Sultan,24.99,-1.00,Sold Out
Flamecraft,40.00,-1.00,Add to Cart
Flamme Rouge,34.80,-1.00,Sold Out
Flamme Rouge: Meteo,12.48,-1.00,Sold Out
Flamme Rouge: Peloton,22.40,-1.00,Sold Out
Flash Gordon PRG,99.00,-1.00,Sold Out
Flash Point :Fire rescue : 2nd Edition,31.47,-1.00,Sold Out
Flashpoint: South China Sea,45.50,-1.00,Sold Out
Flatline,18.00,-1.00,Sold Out
Flick em Up : Dead of Winter,27.99,-1.00,Sold Out
Flotilla,43.99,-1.00,Sold Out
"Flying Colors, Deluxe 3rd Printing",59.99,-1.00,Sold Out
Fog of Love,38.99,-1.00,Sold Out
Food Chain Magnate,145.00,-1.00,Sold Out
Foothills,25.27,-1.00,Add to Cart
For the Queen,18.97,-1.00,Sold Out
Forgotten Waters: A Crossroads Game,55.50,-1.00,Add to Cart
Formula D,48.00,38.99,Add to Cart
Fort,24.99,-1.00,Sold Out
Fort Sumter the 1860 Secession Crisis,33.20,-1.00,Sold Out
Fossilis,39.50,-1.00,Sold Out
Founders of Gloomhaven,24.50,-1.00,Sold Out
Founders of Teotihuacan,38.99,-1.00,Add to Cart
Four Gardens,32.99,-1.00,Add to Cart
Fox in the Forest,15.97,-1.00,Sold Out
Freedom,63.99,-1.00,Add to Cart
Friday,20.47,-1.00,Sold Out
Frosthaven,213.00,-1.00,Sold Out
Frosthaven Removable Stickers,23.30,-1.00,Add to Cart
Frosthaven: Solo Scenarios,18.00,-1.00,Add to Cart
Frostpunk: The Board Game,90.00,-1.00,Sold Out
Frostpunk: The Board Game – Miniatures Expansion,99.00,-1.00,Add to Cart
Fugitive,27.99,-1.00,Sold Out
Funfair,31.49,-1.00,Sold Out
Furnace,32.99,-1.00,Sold Out
Furnace: Interbellum,37.00,-1.00,Add to Cart
FUSE,31.00,-1.00,Sold Out
Gaia Project,75.00,74.99,Sold Out
Galactic Warlords,39.99,-1.00,Add to Cart
Galaxy Hunters,56.99,-1.00,Add to Cart
Galaxy Trucker,34.00,-1.00,Sold Out
Galaxy Trucker (2021),39.99,-1.00,Add to Cart
Galaxy Trucker: Keep on Trucking!,25.99,-1.00,Add to Cart
Game of Thrones Board Game,40.80,-1.00,Sold Out
Gamer Over,21.80,-1.00,Add to Cart
Gangs Of Britannia,23.49,-1.00,Add to Cart
Ganymede,26.94,-1.00,Sold Out
Ganymede: Moon,19.47,-1.00,Add to Cart
Ganz schön clever,13.30,-1.00,Sold Out
Gaslands Refuelled,14.99,-1.00,Sold Out
Gearworks,21.00,-1.00,Add to Cart
Gen7,35.00,-1.00,Add to Cart
General Deluxe Board Game Train Set,31.00,-1.00,Add to Cart
Gentes,29.99,-1.00,Sold Out
Getaway Driver,25.99,-1.00,Sold Out
Ghost Stories,34.00,-1.00,Sold Out
Ghost Stories: Black Secret Expansion,39.99,-1.00,Add to Cart
Ghost Stories: White Moon,29.99,-1.00,Sold Out
Gift Card,5.00,-1.00,Add to Cart
Gingerbread House,17.98,-1.00,Sold Out
Ginkgopolis,38.27,-1.00,Sold Out
Gladius,22.40,-1.00,Add to Cart
Glasgow,20.20,-1.00,Add to Cart
Glass Road,37.40,64.99,Sold Out
Glen More II: Chronicles,52.27,-1.00,Sold Out
Glen More II: Highland Games,32.99,-1.00,Add to Cart
Gloom Of Kilforth,45.94,-1.00,Sold Out
Gloom: The Card Game Second edition,19.99,-1.00,Sold Out
Gloomhaven,93.47,139.99,Sold Out
Gloomhaven: Jaws of the Lion,47.99,-1.00,Sold Out
Gloomhaven: Removable Sticker Set,10.93,-1.00,Sold Out
Gloomy Graves,17.99,-1.00,Sold Out
God Of War : The Card Game,34.47,-1.00,Sold Out
Gods of Asgard: Blood Rage,19.99,-1.00,Sold Out
Golem,64.99,-1.00,Add to Cart
Grand Austria Hotel,56.99,49.99,Sold Out
Grand Austria Hotel: Let's Waltz,42.50,-1.00,Sold Out
Grand Prix,36.99,69.99,Sold Out
Great Plains,24.00,-1.00,Add to Cart
Great Western Trail,31.89,-1.00,Sold Out
Great Western Trail (Second Edition),42.50,-1.00,Add to Cart
Great Western Trail: Argentina,40.99,-1.00,Sold Out
Great Western Trail: Rails to the North,23.40,-1.00,Sold Out
Grind House,48.99,-1.00,Sold Out
Gugong,36.00,-1.00,Sold Out
Guilds Of London,40.50,-1.00,Sold Out
Gunfighter,23.74,-1.00,Add to Cart
Gunkimono,35.40,-1.00,Add to Cart
Gutenberg,45.50,-1.00,Add to Cart
Hadara,45.82,-1.00,Add to Cart
Hadrian's Wall,42.80,-1.00,Sold Out
Hallertau,61.09,-1.00,Sold Out
Hamlet: The Village Building Game,48.60,-1.00,Add to Cart
Hanabi,17.99,-1.00,Sold Out
Hand Of Fate: Ordeals,47.10,-1.00,Sold Out
Hannibal & Hamilcar,119.00,-1.00,Add to Cart
Hansa Teutonica: Big Box,34.98,-1.00,Sold Out
Hard City,53.94,-1.00,Sold Out
Hardback,34.99,-1.00,Sold Out
Harry Potter : Hogwarts Battle,39.99,-1.00,Sold Out
Harry Potter Great Hall 1000-Piece Puzzle,18.99,-1.00,Sold Out
Harry Potter Hogwarts Battle: The Monster Box of Monsters Expansion,25.43,-1.00,Sold Out
Harry Potter: Christmas at Hogwarts,16.90,-1.00,Add to Cart
Harry Potter: Hogwarts Battle – The Charms and Potions Expansion!,34.99,34.99,Add to Cart
Harvest Dice,17.99,-1.00,Sold Out
Heart of Crown: Fairy Garden,44.28,-1.00,Sold Out
Heat: Pedal To The Metal,72.00,-1.00,Sold Out
Heaven & Ale,24.90,-1.00,Sold Out
Hegemony: Crisis & Control,32.00,-1.00,Add to Cart
Hegemony: Historical Events,18.00,-1.00,Add to Cart
Hegemony: Lead Your Class To Victory,75.00,-1.00,Add to Cart
Hellboy,55.84,-1.00,Add to Cart
Hellboy : A Box full of Evil,89.99,-1.00,Sold Out
Hengist,9.99,24.99,Add to Cart
Here to Slay,22.02,-1.00,Sold Out
Hero Realms,18.99,-1.00,Sold Out
Heroes of Land Air & Sea,70.99,-1.00,Sold Out
Heroes of Land Air & Sea: Order & Chaos,59.10,-1.00,Sold Out
Heroes of Normandie Big Red One,54.30,-1.00,Sold Out
Heroes of Stalingrad,32.98,-1.00,Sold Out
Heroquest,99.00,-1.00,Sold Out
HEXplore It: The Sands of Shurax,71.94,-1.00,Sold Out
Hideous Abomination,23.98,-1.00,Sold Out
High Frontier 4 All,82.00,-1.00,Add to Cart
High Rise,50.38,-1.00,Sold Out
High Society,12.97,-1.00,Sold Out
History of the World,29.99,-1.00,Sold Out
Hitlers Reich,49.50,-1.00,Sold Out
HMS Dolores,10.00,-1.00,Sold Out
Hoard of The Dragon Queen Adventure: Tyranny of Dragons,24.99,-1.00,Add to Cart
Hogs of War: The Miniatures Game,74.94,-1.00,Sold Out
Holding On: The Troubled Life of Billy Kerr,17.17,-1.00,Add to Cart
HOLI: Festival of Color,25.99,-1.00,Add to Cart
Homebrewers,30.49,-1.00,Sold Out
Horizon Zero Dawn: The Board Game,62.97,89.99,Sold Out
Horizons of Spirit Island,31.00,-1.00,Add to Cart
Horrific Journeys : Mansions of Madness 2nd Edition,44.49,59.99,Sold Out
Horror on the Orient Express,72.58,-1.00,Sold Out
Human Punishment Social deduction 2.0,21.30,-1.00,Sold Out
Human Punishment: Social Deduction 2.0 – Project: Hell Gate,14.98,-1.00,Sold Out
Iberian Gauge,34.00,-1.00,Add to Cart
Iberian Rails,23.99,-1.00,Sold Out
Ice Cool 2,24.27,34.99,Sold Out
IKI,40.00,-1.00,Sold Out
Illiterati,38.99,-1.00,Sold Out
Imaginarium,37.99,-1.00,Sold Out
Imhotep,32.77,-1.00,Sold Out
Imperial Assault,68.98,-1.00,Sold Out
Imperial Settlers,33.57,-1.00,Sold Out
Imperial Settlers : Amazons,21.50,-1.00,Sold Out
Imperial Settlers: Empires of The North,39.05,-1.00,Sold Out
Imperial Settlers: rise of The Empire,27.32,-1.00,Add to Cart
Imperial Steam,64.00,-1.00,Sold Out
Imperial Struggle,48.99,-1.00,Sold Out
Imperium: Classics,27.00,-1.00,Sold Out
Imperium: Legends,26.30,-1.00,Sold Out
In the Hall of the Mountain King,37.69,-1.00,Sold Out
In Too Deep,45.98,-1.00,Add to Cart
Infected,25.00,-1.00,Sold Out
Influentia,20.47,-1.00,Add to Cart
INIS,49.50,54.99,Sold Out
Inis: Isle of Seasons,28.94,-1.00,Sold Out
Inner Compass,24.77,-1.00,Add to Cart
Insider,19.99,-1.00,Sold Out
Intrepid,48.98,-1.00,Add to Cart
Intrepid: Mission Critical,22.93,-1.00,Add to Cart
Invasions: Volume 1 350-650 AD,79.20,-1.00,Sold Out
Irish Gauge,34.50,-1.00,Sold Out
Ishtar,26.50,-1.00,Add to Cart
Isle of Cats: Late Arrivals Exp,21.99,-1.00,Sold Out
Isle of Skye,27.06,-1.00,Sold Out
Isle of Skye : Druids Expansion,17.10,-1.00,Sold Out
Isle of Skye :Journeyman Expansion,14.99,-1.00,Sold Out
Isle of Skye Big Box,47.50,-1.00,Sold Out
Islebound,41.99,-1.00,Sold Out
ISS Vanguard,148.00,-1.00,Sold Out
Istanbul,33.79,37.99,Sold Out
Istanbul: Big box,48.20,-1.00,Add to Cart
It's a Wonderful Kingdom,24.70,-1.00,Sold Out
It's a Wonderful Kingdom (Essen only),49.99,-1.00,Sold Out
It's a Wonderful World: War Or Peace,20.83,-1.00,Add to Cart
Its A Wonderful World,31.99,-1.00,Sold Out
Iwari,44.99,-1.00,Sold Out
Jaipur 2nd Edition,22.99,-1.00,Sold Out
Jamaica,31.18,-1.00,Sold Out
Jamaica 2nd Edition,35.99,-1.00,Sold Out
Jamaica: The Crew,19.73,-1.00,Sold Out
Jerusalem: Anno Domini,64.00,-1.00,Add to Cart
Jonathan Strange & Mr Norrell,33.35,-1.00,Add to Cart
Junk Art 3.0,35.95,-1.00,Sold Out
Just One,18.90,-1.00,Sold Out
Kanban Drivers Edition,56.99,-1.00,Sold Out
Kanban EV,107.99,-1.00,Sold Out
Karuba,25.50,-1.00,Sold Out
Kemet,86.99,-1.00,Add to Cart
Kemet: Blood and Sand,63.99,-1.00,Sold Out
Kemet: Blood and Sand – Book of the Dead,27.99,-1.00,Add to Cart
Keyforge : Age of Ascension,24.50,-1.00,Add to Cart
Keyforge :Age of Ascension Archon Deck,9.00,-1.00,Add to Cart
Keyper,51.99,79.99,Add to Cart
Khôra: Rise of an Empire + Metal Coins,55.00,-1.00,Sold Out
Kill Doctor Lucky: Deluxe 24 3/4 Anniversary Edition,36.99,-1.00,Sold Out
Kingdom Builder Marshlands,29.99,-1.00,Sold Out
Kingdom Rush: Rift in Time,42.77,-1.00,Sold Out
Kingdomino,17.99,-1.00,Sold Out
Kings Forge 3rd Edition,35.50,-1.00,Sold Out
Kings Life,13.99,-1.00,Sold Out
Kingsburg (Second Edition),62.00,-1.00,Add to Cart
Kitchen Rush,36.90,-1.00,Sold Out
Klask 4 Player,56.98,-1.00,Sold Out
Kohaku,40.99,-1.00,Sold Out
Konja,18.00,-1.00,Sold Out
Kyoto,21.73,-1.00,Sold Out
La Famiglia: The Great Mafia War,92.00,-1.00,Add to Cart
Labyrinth The Card Game,17.00,-1.00,Sold Out
Last Aurora,39.59,-1.00,Sold Out
Last Bastion,31.94,-1.00,Sold Out
Last Friday (Revised Edition),43.99,-1.00,Sold Out
Last Friday: return to camp Apache,32.99,-1.00,Sold Out
Le havre,40.78,-1.00,Sold Out
Legacy of Dragonholt,33.00,59.99,Sold Out
Legend of the Five Rings Emerald Empire,30.99,-1.00,Sold Out
Legendary Encounters : Alien Deck building game,47.50,-1.00,Sold Out
Legendary: A James Bond Deck Building Game,46.47,-1.00,Sold Out
Legends of Andor,37.99,-1.00,Sold Out
Legends of Andor: Journey to the North,37.99,-1.00,Sold Out
Legends of Andor: The Last Hope,36.99,-1.00,Add to Cart
Legends Of Sleepy Hollow,69.99,-1.00,Add to Cart
Letter Jam,17.08,-1.00,Sold Out
Lewis & Clark 2nd Edition,33.98,-1.00,Sold Out
Libertalia: Winds of Galecrest,47.00,-1.00,Sold Out
Life Manager,21.99,-1.00,Add to Cart
Lifeform,56.99,-1.00,Sold Out
Lift Off,44.84,-1.00,Add to Cart
Light Clan : Crystal Clans,12.00,-1.00,Add to Cart
Lincoln,34.77,-1.00,Sold Out
Lisboa Deluxe Edition (with SGs),185.00,-1.00,Add to Cart
Living Forest,26.63,-1.00,Sold Out
Living Planet,35.80,-1.00,Add to Cart
Llamaland,30.78,-1.00,Add to Cart
Lockup: A Roll Player Tale,36.99,-1.00,Sold Out
London : Second Edition,37.99,-1.00,Sold Out
Long Shot: The Dice game,32.99,-1.00,Sold Out
Longsdale in Revolt: Oh My Goods! Expansion,14.22,-1.00,Sold Out
Loot Island,19.99,-1.00,Add to Cart
Lords Of Waterdeep,58.00,-1.00,Sold Out
Lorenzo il Magnifico,42.97,-1.00,Sold Out
Lost Cities,24.18,-1.00,Sold Out
Lost Explorers,20.99,-1.00,Add to Cart
Lost in Time and Space : Arkham Horror The Card Game,15.00,-1.00,Add to Cart
Lost Ruins of Arnak,47.99,-1.00,Sold Out
Love Letter,13.50,-1.00,Sold Out
lowlands,60.99,69.99,Sold Out
Luxantis,37.49,-1.00,Add to Cart
Machi Koro 2,26.99,-1.00,Sold Out
Machi Koro Legacy,36.99,-1.00,Sold Out
Mafiozoo,19.99,34.99,Sold Out
Mage Knight: Ultimate Edition,112.00,-1.00,Sold Out
Magic labyrinth,36.99,-1.00,Sold Out
Magic Maze : Kids,28.00,-1.00,Sold Out
Magic The Gathering : Heroes of Dominaria,36.99,-1.00,Add to Cart
Maglev Metro,50.35,-1.00,Sold Out
Magnastorm,26.82,-1.00,Add to Cart
Majesty For the Realm,31.99,-1.00,Sold Out
Malformations of G : Resident evil 2,22.00,-1.00,Sold Out
Mandala,20.99,-1.00,Add to Cart
Mandala Stones,24.70,-1.00,Add to Cart
Manhattan Project 2: Minutes to Midnight,45.99,-1.00,Sold Out
Mansions of Madness 2nd Edition,91.00,99.99,Sold Out
Mansions of Madness: Beyond the Threshold,28.99,29.99,Add to Cart
Mansions of Madness: Second Edition – Path of the Serpent,43.18,-1.00,Sold Out
Mansions of Madness: Second Edition – Streets of Arkham,43.98,-1.00,Sold Out
Maracaibo,61.00,-1.00,Add to Cart
March Of The Ants,34.99,-1.00,Sold Out
March of the Ants: Empires of the Earth,19.99,-1.00,Sold Out
Marco Polo 2: In the Service of the Khan,54.48,-1.00,Sold Out
Mariposas,33.99,-1.00,Sold Out
Marvel Champions : The Card game,43.94,-1.00,Sold Out
Marvel Champions : The Green Goblin scenario pack,19.99,-1.00,Sold Out
Marvel Champions: Black Widow Hero Pack,15.99,-1.00,Sold Out
Marvel Champions: Doctor Strange Hero Pack,15.99,-1.00,Sold Out
Marvel Champions: Rise of Red Skull,35.80,-1.00,Sold Out
Marvel Crisis Protocol Core Set,69.94,99.99,Sold Out
Marvel Crisis Protocol: NYC Terrain Expansion,27.97,-1.00,Sold Out
Marvel United,39.00,-1.00,Add to Cart
Marvel: Crisis Protocol – Immortal Hulk,46.50,-1.00,Add to Cart
Mary Engelbreit Loonacy,16.50,-1.00,Sold Out
Masque of the Red Death,43.20,-1.00,Add to Cart
Mass Transit,17.82,-1.00,Add to Cart
Maui,34.70,-1.00,Add to Cart
Meadow,46.00,-1.00,Add to Cart
Memoir '44 - Winter Wars,24.30,-1.00,Sold Out
Memoir '44 Equipment Pack,44.98,-1.00,Sold Out
Memoir '44: Through Jungle and Desert,19.80,-1.00,Sold Out
Memoir 44,59.99,-1.00,Sold Out
Memoir 44 : Mediterranean Theatre,34.60,-1.00,Add to Cart
Memoir 44: D Day landing,34.99,-1.00,Sold Out
Memoir 44: eastern Front,34.00,-1.00,Add to Cart
Memoir 44: New Flight Plan,46.00,-1.00,Add to Cart
Memoir 44: Operation Overlord,20.33,-1.00,Add to Cart
Memoir 44: Pacific Theatre,28.17,-1.00,Sold Out
Men at Work,38.00,-1.00,Sold Out
"Men of Iron, Infidel, and Blood & Roses.",77.60,-1.00,Sold Out
Mercado de Lisboa,33.00,-1.00,Sold Out
Merchants & Marauders: Seas of Glory,31.89,-1.00,Sold Out
Merchants and Marauders,60.00,-1.00,Sold Out
Merchants Cove,61.99,-1.00,Sold Out
Merchants of the Dark Road,50.99,-1.00,Add to Cart
Merv: The Heart of the Silk Road,39.50,-1.00,Add to Cart
Mezo,69.48,-1.00,Add to Cart
Mice and mystics,73.00,-1.00,Sold Out
Micro Macro: Crime City,25.99,-1.00,Sold Out
Micro Macro: Crime City – Full House,21.72,-1.00,Sold Out
Microbrew,18.99,-1.00,Sold Out
MicroMacro: Crime City – All In,27.00,-1.00,Sold Out
MicroMacro: Crime City – All In,25.99,-1.00,Sold Out
Midnight Express Deluxe Board Game Train Set,31.00,-1.00,Add to Cart
Milito,22.80,-1.00,Add to Cart
Millennium Blades,71.99,-1.00,Sold Out
Minerva 2015,27.87,-1.00,Add to Cart
Mint Works,15.99,-1.00,Sold Out
Miremarsh,36.68,-1.00,Sold Out
Mission Red Planet,37.70,-1.00,Sold Out
Mists over Carcassonne,40.00,-1.00,Sold Out
Mobile Markets: A Smartphone Inc. Game,50.00,-1.00,Sold Out
Modern Art,27.57,29.99,Sold Out
Modern Art: The Card Game,17.37,-1.00,Sold Out
Monopoly Cheaters Edition,22.83,-1.00,Sold Out
Moongha Invaders,27.90,-1.00,Sold Out
Mortum: Medieval Detective,47.00,-1.00,Add to Cart
Munchkin 9: Jurassic Snark,20.70,-1.00,Sold Out
Munchkin Starfinder : I want it All,77.00,-1.00,Sold Out
Museum,42.89,-1.00,Sold Out
Museum Rush,19.99,-1.00,Add to Cart
My City,30.97,-1.00,Sold Out
My First Carcassonne,27.64,34.99,Sold Out
My Little Scythe,40.99,-1.00,Add to Cart
Mysterium,27.94,-1.00,Sold Out
Mysterium park,23.99,23.99,Sold Out
Mystic Vale,32.36,-1.00,Sold Out
Mystic Vale: Essential Edition,59.00,-1.00,Sold Out
Namiji,34.00,-1.00,Add to Cart
Nanty Narking,57.89,-1.00,Sold Out
Nautilion,24.48,-1.00,Sold Out
Near & Far,50.27,-1.00,Sold Out
Near and Far: Amber Mines,21.99,-1.00,Sold Out
Nemesis,109.00,125.00,Sold Out
Nemesis Lockdown,107.00,-1.00,Sold Out
Nemesis:  Void Seeders,54.00,-1.00,Add to Cart
Nemesis: Alien Kings,39.77,-1.00,Add to Cart
Nemesis: Lockdown - Stretch Goals,68.99,-1.00,Sold Out
Nemesis: Space Cats,24.23,-1.00,Add to Cart
Nemo's War (second edition),74.00,-1.00,Add to Cart
NEOM: City of the Future,27.98,-1.00,Sold Out
Nevsky,60.17,-1.00,Sold Out
New Angeles,39.37,-1.00,Sold Out
New Frontiers,56.99,-1.00,Sold Out
New York Zoo,37.00,-1.00,Add to Cart
Newspeak,16.00,-1.00,Sold Out
Newspeak Core game: Deluxe Kickstarter edition,39.99,-1.00,Add to Cart
Next war:: Korea,79.99,-1.00,Add to Cart
Nidavellir,26.00,-1.00,Sold Out
Night of the Living Dead: A Zombicide Game,66.20,-1.00,Sold Out
Ninja Rush,24.99,-1.00,Add to Cart
NMBR 9,25.99,-1.00,Sold Out
Nomads,9.98,21.99,Sold Out
Normandy:The beginning of the end,54.99,74.99,Sold Out
Nova Luna,26.84,-1.00,Sold Out
Now or Never,54.07,-1.00,Sold Out
Nusfyord,21.48,49.99,Sold Out
Nyctophobia,19.98,-1.00,Sold Out
Oath: Chronicles Of Empire and Exile,68.00,-1.00,Sold Out
Obscurio,31.18,-1.00,Sold Out
Obsession Board Game: 2nd Edition,65.99,-1.00,Sold Out
Oceans,43.00,-1.00,Sold Out
Oceans: Deluxe Edition,69.30,-1.00,Sold Out
Oh My Goods,14.33,-1.00,Sold Out
Oh My Goods!: Escape to Canyon Brook,12.99,-1.00,Add to Cart
Oltréé!,65.00,-1.00,Sold Out
Omen: A Reign of War,33.73,-1.00,Add to Cart
On Mars,170.00,-1.00,Add to Cart
On Mars (Upgrade Pack),16.99,-1.00,Sold Out
One Key,23.84,-1.00,Add to Cart
Onirim,22.00,-1.00,Sold Out
Ora et Labora,56.00,-1.00,Add to Cart
Orbis,21.45,-1.00,Sold Out
Orconomics,43.20,-1.00,Add to Cart
Oriflamme,16.50,-1.00,Sold Out
Origins: First Builders,41.35,-1.00,Add to Cart
Orleans,49.99,-1.00,Sold Out
Orleans Stories,52.99,-1.00,Add to Cart
Orleans: Trade & Intrrigue,26.29,-1.00,Add to Cart
Outfoxed,21.99,-1.00,Sold Out
Overboss: A Boss Monster Adventure,33.84,-1.00,Sold Out
Pacific Rails Inc,21.57,-1.00,Add to Cart
Paint The Roses,48.00,-1.00,Add to Cart
Paladins Of The West Kingdom,41.47,-1.00,Sold Out
Paleo: A New Beginning,35.79,-1.00,Add to Cart
Pandemic,31.99,-1.00,Sold Out
Pandemic 10th Anniversary Painted Figures,35.00,-1.00,Add to Cart
Pandemic : 10th Anniversary Edition,63.99,-1.00,Sold Out
Pandemic : Fall of Rome,36.99,49.99,Sold Out
Pandemic Iberia,42.99,-1.00,Sold Out
Pandemic Legacy : Season 1 BLUE,48.99,-1.00,Sold Out
Pandemic Legacy Season 1 RED,48.99,-1.00,Sold Out
Pandemic Legacy: Season 0,71.00,79.99,Add to Cart
Pandemic Legacy: Season 2 BLACK,48.99,79.99,Sold Out
Pandemic Legacy: Season 2 Yellow,49.99,79.99,Sold Out
Pandemic Rising Tide,38.94,-1.00,Sold Out
Pandemic: Hot Zone: North America,16.58,-1.00,Add to Cart
Pandemic: In the Lab,32.29,-1.00,Sold Out
Pandemic: On the Brink,28.94,-1.00,Sold Out
Pandemic: Rapid Response,31.00,-1.00,Sold Out
Pandemic: Reign Of Cthulhu,36.99,-1.00,Sold Out
Panzer (2021),75.88,-1.00,Add to Cart
Panzer Attack: War in Russia,19.99,-1.00,Add to Cart
Paperback,33.99,-1.00,Sold Out
Paperback: Unabridged,17.28,-1.00,Sold Out
Parachutes Over Crete: Panzer Grenadier,67.99,-1.00,Sold Out
Paranormal Detectives,24.94,-1.00,Sold Out
Paris,42.84,42.99,Sold Out
Paris: New Eden,34.94,-1.00,Sold Out
PARKS,45.90,-1.00,Add to Cart
PARKS Memories: Mountaineer,18.37,-1.00,Add to Cart
Parks: Nightfall Expansion,25.07,-1.00,Sold Out
Patchwork,24.00,-1.00,Add to Cart
Patchwork Express,10.80,-1.00,Sold Out
Patchwork: Christmas Edition,24.00,-1.00,Add to Cart
Patchwork: Halloween Edition,21.35,-1.00,Sold Out
Patchwork: Valentines Day Edition,21.47,-1.00,Sold Out
Pathfinder RPG: Cthulhu Tales,31.99,-1.00,Sold Out
Paths Of Glory Deluxe Edition (6th printing),54.97,-1.00,Sold Out
Paupers Ladder,28.40,-1.00,Sold Out
Pax Pamir Second edition,80.00,-1.00,Add to Cart
Peloponnesian War,54.99,-1.00,Sold Out
Pendulum,28.98,59.99,Add to Cart
Photograph ( Wind The Film),14.30,-1.00,Sold Out
Photosynthesis,31.77,-1.00,Sold Out
Pictionary Air,30.99,-1.00,Sold Out
Picture Perfect,34.60,-1.00,Sold Out
Picture Perfect: The Sherlock Expansion,29.00,-1.00,Add to Cart
Pictures,39.83,-1.00,Sold Out
Piepmatz : Little Songbirds,13.97,-1.00,Sold Out
Pillars of the Earth,33.74,-1.00,Add to Cart
Pipeline,54.99,-1.00,Sold Out
Pipeline: Emerging Markets,24.30,-1.00,Add to Cart
Plague Inc,27.02,-1.00,Sold Out
Plague Inc.: Armageddon,24.38,-1.00,Sold Out
Planet,24.49,-1.00,Sold Out
Planet Apocalypse,64.99,-1.00,Sold Out
Planet Apocalypse: The Dragon Pack,47.99,-1.00,Sold Out
Planet Apocalypse: The Pack of the Pit,52.49,-1.00,Sold Out
Planet Apocalypse: The Power Pack,62.00,-1.00,Add to Cart
Planet Apocalypse: The Void Pack,51.98,-1.00,Sold Out
Planet Unknown,77.00,-1.00,Sold Out
Playmat - Frostpunk: The Board Game,54.00,-1.00,Add to Cart
Point salad,17.73,-1.00,Sold Out
Pokemon TCG: Scarlet & Violet Elite Trainer Box,58.00,-1.00,Add to Cart
Pokemon TCG: Scarlet & Violet Elite Trainer Box,58.00,-1.00,Add to Cart
polynesia,33.87,-1.00,Add to Cart
Port Royal,12.80,-1.00,Sold Out
Port Royal: Big Box,27.60,-1.00,Sold Out
potion explosion (Second Edition),52.99,49.99,Add to Cart
Potion Explosion The Fifth Ingredient,32.80,-1.00,Sold Out
Power Grid : Europe/North America (expansion),23.98,-1.00,Add to Cart
Power grid Deluxe,63.99,-1.00,Sold Out
Power Grid: Expansion Australia/India,11.70,-1.00,Sold Out
Power Grid: Recharged,39.47,-1.00,Sold Out
Power Rangers: Deck-Building Game,32.94,-1.00,Add to Cart
Power Rangers: Heroes of the Grid,63.77,-1.00,Sold Out
Power Rangers: Heroes of The Grid:The Shattered Grid,41.98,-1.00,Sold Out
Praga Caput Regni,55.79,-1.00,Sold Out
Prehistory,47.99,-1.00,Add to Cart
Pret-A-Porter,38.00,-1.00,Sold Out
Project ELITE,74.99,99.99,Sold Out
Project L,22.49,-1.00,Sold Out
Project L: Deluxe Edition,38.97,-1.00,Sold Out
Puerto Rico (Deluxe),55.99,54.99,Sold Out
Pulsar 2849,49.99,-1.00,Add to Cart
Q-bitz Junior,17.87,-1.00,Sold Out
Quacks & Co.: Quedlinburg Dash,29.99,-1.00,Sold Out
Quacks Of Quedlinburg,29.89,.0,Sold Out
Quadropolis,28.94,-1.00,Sold Out
Quartermaster General (Second Edition): Total War,29.99,-1.00,Sold Out
Quartermaster General WW2 (Second Edition),41.27,-1.00,Sold Out
Quartermaster General: 1914,44.64,-1.00,Add to Cart
Quartermaster General: The Cold War,11.55,-1.00,Sold Out
Queendomino,22.34,-1.00,Sold Out
Quest,20.19,-1.00,Sold Out
Quirky Circuits,37.99,-1.00,Sold Out
Ra: 2nd edition,51.60,-1.00,Add to Cart
Race for the Galaxy : 2018 Refresh,35.00,-1.00,Sold Out
Radlands,26.00,-1.00,Sold Out
Raiders of Scythia,42.99,54.99,Sold Out
Raiders of the North Sea,48.00,52.99,Sold Out
Raiders of the North Sea Collector’s Box,28.94,-1.00,Sold Out
Raiders of the North Sea: Hall of Heroes,27.98,-1.00,Sold Out
Raids,26.77,-1.00,Sold Out
Railroad Ink Challenge: Lush Green Edition,17.98,-1.00,Sold Out
Railroad Ink Challenge: Shining Yellow Edition,18.95,-1.00,Sold Out
Railroad Ink: Blazing red edition,22.99,-1.00,Sold Out
Railroad Ink: Deep Blue edition,19.66,-1.00,Sold Out
Railway Revolution,46.94,-1.00,Add to Cart
Railways Of Great Britain (2017),52.99,-1.00,Sold Out
Railways Of Nippon,49.99,-1.00,Sold Out
Railways of Portugal,72.98,-1.00,Sold Out
Railways of the world 10th Anniversary,89.99,-1.00,Sold Out
Rajas of the Ganges,49.94,-1.00,Sold Out
Rajas of the Ganges: Goodie Box 1,17.89,-1.00,Sold Out
Rajas of the Ganges: Goodie Box 2,19.99,-1.00,Sold Out
Rajas of the Ganges: The Dice Charmers,22.99,-1.00,Sold Out
Rallyman GT,43.99,-1.00,Sold Out
Rapa Nui,28.99,-1.00,Add to Cart
Raptor,27.40,-1.00,Sold Out
Rattus: Big Box,70.00,-1.00,Add to Cart
Ready Set Bet,41.00,-1.00,Sold Out
Reavers Of Midgard (Kickstarter Edition),92.00,-1.00,Add to Cart
Reavers of Midguard,44.94,-1.00,Sold Out
Rebellion Rise of the Empire,5.99,-1.00,Sold Out
Red Alert: Space Fleet Warfare,69.99,-1.00,Sold Out
Red Alert: Space Fleet Warfare – Logistics & Space Platform Escalation Pack,12.85,-1.00,Add to Cart
Red Alert: Space Fleet Warfare – Space Rift Escalation Pack,9.34,-1.00,Add to Cart
Red Cathedral,27.99,-1.00,Sold Out
Red Outpost,27.47,-1.00,Sold Out
Red Rising,23.00,-1.00,Add to Cart
Red Rising: Collectors Edition,48.99,-1.00,Add to Cart
Reef 2.0,29.58,-1.00,Sold Out
Relic: Warhammer 40000 : Premium Edition,73.94,-1.00,Sold Out
Reload,41.15,-1.00,Add to Cart
Renature,31.48,-1.00,Sold Out
Renegade,42.99,-1.00,Sold Out
Renegade Booster Pack : Christmas at the hack Shack,13.50,-1.00,Sold Out
Res Arcana,28.98,-1.00,Sold Out
Resident Evil 2: The Board Game – Malformations of G,27.77,-1.00,Sold Out
Resident Evil 3 : the board game,71.00,-1.00,Sold Out
Return To Dark Tower,144.99,-1.00,Sold Out
Revive,74.50,-1.00,Add to Cart
Reykholt,36.25,-1.00,Sold Out
Ride The rails,30.98,-1.00,Add to Cart
Riftforce,25.99,-1.00,Sold Out
Rise To nobility,32.99,-1.00,Sold Out
Rising  5 : Runes of asteros,26.99,43.99,Sold Out
Rising Sun,73.99,-1.00,Sold Out
Risk Junior,20.49,-1.00,Sold Out
Rival Restaurants,60.00,-1.00,Sold Out
Riverboat,26.99,49.99,Sold Out
Robinson Crusoe : Mystery tales,34.67,-1.00,Sold Out
Robinson Crusoe: Adventures on the Cursed Island,40.65,-1.00,Sold Out
Robinson Crusoe: Adventures on the Cursed Island – Treasure Chest,29.69,-1.00,Sold Out
Robo Rally,31.98,-1.00,Sold Out
Robotech: Attack on the SDF-1,58.99,-1.00,Add to Cart
Robotlab,15.77,-1.00,Add to Cart
Rococo Deluxe,170.00,-1.00,Sold Out
Roll For The Galaxy,46.94,-1.00,Sold Out
Roll for The Galaxy:Rivalry,61.94,-1.00,Sold Out
Roll Player,51.40,-1.00,Sold Out
Roll Player : Monsters & Minions,38.40,-1.00,Sold Out
Roll Player Adventures,116.99,-1.00,Sold Out
Roll Player: Friends & Familiars,39.99,-1.00,Sold Out
Rolling Heights,77.00,-1.00,Add to Cart
Rolling Realms,21.99,-1.00,Add to Cart
RONE: 2nd edition,24.99,-1.00,Sold Out
Root,49.60,-1.00,Sold Out
Root Board Game: Fall And Winter Playmat,26.99,-1.00,Sold Out
Root Board Game: Resin Clearing Markers,19.99,-1.00,Sold Out
Root: The Clockwork Expansion,33.99,-1.00,Sold Out
Root: The Underworld Expansion,39.80,-1.00,Sold Out
Run Fight or Die : Reloaded,52.99,-1.00,Add to Cart
Rurik: Dawn of Kiev,63.30,-1.00,Sold Out
Rush MD,38.50,-1.00,Sold Out
Sabotage,57.30,-1.00,Add to Cart
Saboteur 2,15.00,-1.00,Sold Out
Sagrada,36.99,-1.00,Sold Out
Sagrada: Life Expansion,18.55,-1.00,Sold Out
Sagrada: passion expansion,18.18,-1.00,Sold Out
Salem 1692,22.99,-1.00,Sold Out
Salvation Road,45.90,-1.00,Sold Out
Sanctum of Twilight : Mansions of Madness Second Edition,25.97,-1.00,Sold Out
Santa Monica,36.99,-1.00,Sold Out
Santorini,32.99,-1.00,Sold Out
Savannah Park,26.97,-1.00,Sold Out
Scooby-Doo! The Board Game,59.00,-1.00,Add to Cart
Scooby-Doo: Escape from the Haunted Mansion,28.84,-1.00,Add to Cart
Scotland Yard The Hunt for Mr X,17.00,-1.00,Sold Out
Scythe,59.99,79.99,Sold Out
Scythe : Rise of Fenris,39.60,-1.00,Sold Out
Scythe Encounters,17.97,-1.00,Sold Out
Scythe: Invaders From Afar,26.44,-1.00,Sold Out
Scythe: The Wind Gambit,21.50,-1.00,Sold Out
Seafarers : Catan Expansion,37.50,-1.00,Sold Out
Seas Of Thunder,68.00,-1.00,Add to Cart
Seasons,29.99,-1.00,Sold Out
Seastead,25.48,-1.00,Add to Cart
Seeders from Sereïs - Episode 1: Exodus,56.99,-1.00,Add to Cart
Sekigahara (4th Printing),58.12,-1.00,Sold Out
Seven Wonders : Duel,26.00,-1.00,Add to Cart
Shadowrun : Sixth Edition Limited Edition,76.99,-1.00,Sold Out
Shadowrun: Sixth world Collectors edition,61.50,-1.00,Sold Out
Shadows : Amsterdam,15.28,-1.00,Add to Cart
Shadows Of Brimstone: Forbidden Fortress: Forest of The dead Deluxe other world,58.10,-1.00,Sold Out
Shadows of Kilforth (1st Print),54.00,-1.00,Sold Out
SHANNA DAHAKA LIMITED EDITION HARDBACK: DUNGEON CRAWL CLASSICS RPG,44.99,-1.00,Sold Out
Shards of Infinity,17.99,-1.00,Sold Out
Sheepy Time,38.50,-1.00,Add to Cart
Sheriff Of Nottingham (2nd Edition),39.00,-1.00,Sold Out
Sherlock Holmes Consulting detective : the Baker Street irregulars,46.50,42.99,Sold Out
Sherlock Holmes Consulting Detective: Carlton House & Queen's Park,40.99,-1.00,Add to Cart
Sherlock Holmes Consulting Detective: Jack the ripper and West End Adventures,33.49,-1.00,Sold Out
Sherlock Holmes Consulting detective: Thames murders,32.77,-1.00,Sold Out
Sherlock: 13 Hostages,11.99,-1.00,Add to Cart
Sherlock: Don's Legacy,11.99,-1.00,Add to Cart
Sherlock: Propagation,11.99,-1.00,Add to Cart
Shifting realms,35.99,-1.00,Add to Cart
Shin Megami Tensei TCG: Monument of Reincarnation,195.00,-1.00,Add to Cart
Showtime,9.99,-1.00,Add to Cart
Sidereal Confluence: Bifurcation,40.00,-1.00,Add to Cart
Sidereal Confluence: Remastered edition,52.77,-1.00,Sold Out
Sierra West,29.48,-1.00,Sold Out
Silent Victory,50.99,-1.00,Sold Out
Simpsons Tree house of horror 1000 piece puzzle,18.99,-1.00,Sold Out
Sins : Core rule book RPG,41.00,-1.00,Add to Cart
Skate Summer,48.50,-1.00,Add to Cart
Skull 2020 edition,19.50,-1.00,Sold Out
Skyward,27.90,-1.00,Sold Out
Sleeping Gods,69.98,-1.00,Sold Out
Sleeping Gods Tides Of Ruin,48.99,-1.00,Sold Out
Small Samurai Empires,40.89,-1.00,Sold Out
Small World,36.98,-1.00,Sold Out
Small World of Warcraft,46.94,-1.00,Sold Out
Smartphone Inc,42.77,59.99,Sold Out
Smartphone Inc Update 1.1 Expansion,25.40,27.99,Sold Out
Smash Up : World Tour Culture,21.27,-1.00,Sold Out
Sniper Elite: Eagle's Nest,29.00,-1.00,Sold Out
Sniper Elite: The Board Game,43.50,-1.00,Sold Out
Snowdonia : Deluxe Master Set,85.99,-1.00,Sold Out
So Clover,21.49,-1.00,Sold Out
Solar 175,99.99,-1.00,Add to Cart
solar Sphere,36.00,-1.00,Add to Cart
Sonara,26.88,-1.00,Add to Cart
Sonic the Hedgehog: Crash Course,22.50,-1.00,Sold Out
Sorcerer City,39.00,-1.00,Add to Cart
Space Alert,33.47,-1.00,Sold Out
Space Base,37.84,-1.00,Sold Out
Space Base : Command Station,27.99,-1.00,Sold Out
Space Empires 4x,55.97,-1.00,Sold Out
Space Empires: Close encounters,48.99,-1.00,Sold Out
Space Explorers,25.29,-1.00,Sold Out
Space Race Deluxe Kickstarter bundle,119.99,-1.00,Sold Out
Space Station Phoenix,62.00,-1.00,Add to Cart
SpaceCorp: 2025-2300 AD,62.99,-1.00,Sold Out
Spartacus: A Game of Blood & Treachery 2021,36.99,-1.00,Add to Cart
Specter Ops,42.20,-1.00,Sold Out
Specter Ops: Broken Covenant,36.99,-1.00,Sold Out
SPECTRE: The Board Game,49.83,-1.00,Add to Cart
Spirit Island,68.50,79.99,Sold Out
Spirit Island Deluxe Invader Board,23.99,-1.00,Add to Cart
Spirit Island: Branch & Claw Expansion,32.99,-1.00,Sold Out
Spirit Island: Feather & Flame,27.77,-1.00,Sold Out
Spirit Island: Jagged Earth,55.99,-1.00,Sold Out
Splendor: Marvel,31.99,-1.00,Sold Out
Spring Meadow,33.99,-1.00,Sold Out
Spyfest,18.77,-1.00,Add to Cart
Spynet,9.00,18.99,Sold Out
Squid Game,24.80,-1.00,Add to Cart
Star Realms,14.30,-1.00,Sold Out
Star Realms : Frontiers,18.48,-1.00,Sold Out
Star Realms: Box Set,39.00,-1.00,Sold Out
Star Trek Alliance : dominion war Campaign,35.10,-1.00,Sold Out
Star Trek Ascendancy Board game,65.99,-1.00,Sold Out
Star Trek Catan,50.38,-1.00,Sold Out
Star Trek: Ascendancy – Borg Assimilation,29.99,-1.00,Sold Out
Star wars : Armada,68.84,99.99,Sold Out
Star Wars : Outer Rim,47.94,-1.00,Sold Out
Star Wars Legion,61.96,-1.00,Sold Out
Star Wars Rebellion,90.99,-1.00,Sold Out
Star Wars: Dark Side Rising,39.50,-1.00,Add to Cart
Star Wars: Shatterpoint,147.00,-1.00,Add to Cart
Star Wars: The Clone Wars.,48.00,-1.00,Add to Cart
Star Wars: The Deckbuilding Game,35.00,-1.00,Sold Out
Starcadia Quest,56.23,-1.00,Sold Out
Starcadia Quest: Build A Robot,40.99,-1.00,Add to Cart
Stardew Valley,52.00,-1.00,Sold Out
Stark vs Lannister Starter set: A Song Of Ice and Fire Core Box,95.99,-1.00,Sold Out
Starship Captains,53.20,-1.00,Add to Cart
Startropolis: Second Edition,55.99,-1.00,Sold Out
Steam : Rails to Riches Map Expansion 2,9.99,-1.00,Sold Out
Steam: Map Expansion #4,23.99,-1.00,Sold Out
Steampunk Rally,41.17,-1.00,Add to Cart
Steampunk Rally Fusion,50.00,-1.00,Add to Cart
Stella: Dixit Universe,29.99,-1.00,Sold Out
Stellar,25.99,-1.00,Add to Cart
Stephenson's Rocket,32.98,-1.00,Sold Out
Stone Age,51.00,-1.00,Sold Out
Storm Above The Reich,67.00,-1.00,Sold Out
Storm Over Asia,76.50,-1.00,Add to Cart
Streets,33.99,-1.00,Add to Cart
Stronghold: Undead (Second edition),34.99,-1.00,Add to Cart
Struggle of Empires Deluxe Edition,95.99,-1.00,Sold Out
Stuffed fables,51.50,69.99,Add to Cart
"Stuffed Fables: Oh, Brother!",31.99,-1.00,Sold Out
Sub Terra,33.00,-1.00,Sold Out
Sub Terra Collectors edition,71.99,-1.00,Sold Out
Subastral,22.99,-1.00,Add to Cart
Subatonic,29.99,-1.00,Sold Out
Subdivision,35.99,-1.00,Add to Cart
Suburbia 2nd Edition,49.98,-1.00,Sold Out
Suburbia 2nd Edition: Expansions,39.94,-1.00,Sold Out
suburbia: Collectors Edition,108.40,149.99,Sold Out
Successors,91.00,-1.00,Add to Cart
Succulent,35.79,-1.00,Sold Out
Sugar Blast,23.98,29.99,Add to Cart
Summit : The Board Game,39.99,59.99,Sold Out
Summoner Wars (Starter Set),25.00,-1.00,Add to Cart
Summoner Wars Second Edition Master Set,38.99,-1.00,Sold Out
Summoners Isle,17.80,-1.00,Sold Out
Super Fantasy Brawl,37.60,-1.00,Sold Out
"Super Mario ""Mario Kart"" 1000 Piece Puzzle",19.99,-1.00,Sold Out
Survive: 30th Anniversary Edition,39.99,39.99,Sold Out
Sushi Roll,23.99,-1.00,Sold Out
Sword & Sorcery: Ancient Chronicles,69.99,-1.00,Sold Out
T.I.M.E Stories: A Prophecy of Dragons,18.00,-1.00,Add to Cart
T.I.M.E Stories: Brotherhood of the Coast,18.00,-1.00,Add to Cart
T.I.M.E Stories: Expedition – Endurance,19.50,-1.00,Add to Cart
Tabannusi: Builders of Ur,39.99,-1.00,Add to Cart
TacTiki,27.95,-1.00,Sold Out
Tainted Grail: the Fall of Avalon,114.00,-1.00,Add to Cart
Taj Mahal,35.50,-1.00,Sold Out
Tak Board Game: A Beautiful Game 2nd Edition,43.99,-1.00,Sold Out
Takenoko,31.99,-1.00,Sold Out
Takenoko Chibis Expansion,22.99,-1.00,Sold Out
Tales From the Loop RPG,33.98,-1.00,Sold Out
Tales From the Loop: Our Friends and other Mysteries,26.48,-1.00,Sold Out
Tales From The Loop: Out of Time,31.99,-1.00,Add to Cart
Tales From The Loop: Starter Set,23.98,-1.00,Add to Cart
Tales of Evil,48.97,-1.00,Sold Out
Tales of the Arabian Nights,47.32,-1.00,Sold Out
Talisman (4th edition),41.28,-1.00,Sold Out
Tang Garden,45.99,-1.00,Sold Out
Tank Duel : Enemy in the Crosshairs,59.97,-1.00,Sold Out
Tapestry,61.50,-1.00,Sold Out
Tapestry: Arts & Architecture,40.00,-1.00,Add to Cart
Tapestry: Plans & Ploys,24.99,29.99,Sold Out
Tavarua,35.30,-1.00,Sold Out
Tawantinsuyu: The Inca Empire,30.99,-1.00,Add to Cart
Team3 Green,18.77,-1.00,Sold Out
Team3 Pink,25.99,-1.00,Sold Out
Teenage Mutant Ninja Turtles: Change Is Constant,88.97,-1.00,Sold Out
Teenage Mutant Ninja Turtles: City Fall,99.99,-1.00,Sold Out
Tekhenu: Obelisk of the Sun,41.77,-1.00,Sold Out
Telestrations,24.99,-1.00,Sold Out
Tenpenny Parks,58.00,-1.00,Sold Out
Teothuacan : late Preclassic period expansion,23.86,-1.00,Sold Out
Teotihuacan: City of Gods,39.99,-1.00,Add to Cart
Teotuacan: Shadow of Xitle,17.99,-1.00,Add to Cart
Terra Futura,45.00,-1.00,Sold Out
Terra Incognita: Civilization A New Dawn,23.00,-1.00,Add to Cart
Terra Mystica,53.99,64.99,Sold Out
Terra Mystica Big Box,106.90,-1.00,Sold Out
Terra Mystica: Fire & Ice Expansion,36.28,-1.00,Add to Cart
Terra Mystica: Merchants of the Seas,36.03,-1.00,Sold Out
Terra Nova,53.00,-1.00,Add to Cart
Terracotta Army,54.00,-1.00,Add to Cart
Terraforming Mars,49.45,69.99,Sold Out
Terraforming Mars :Turmoil,29.99,-1.00,Sold Out
Terraforming Mars: Ares Expedition,41.99,-1.00,Sold Out
Terraforming Mars: Big Box,95.00,-1.00,Sold Out
Terraforming Mars: Small Box,69.99,-1.00,Sold Out
Terraforming Mars: Venus Next,25.99,-1.00,Sold Out
Terramara,50.98,-1.00,Sold Out
Terror Below,33.24,-1.00,Sold Out
Terrors Of London,19.99,-1.00,Sold Out
Thanos Rising: Avengers: Infinity War,35.20,-1.00,Sold Out
That Time You Killed Me,65.99,-1.00,Sold Out
The Artemis Project,42.48,-1.00,Sold Out
The British Way: Counterinsurgency at the End of Empire,80.00,-1.00,Sold Out
The Captain Is Dead,49.99,-1.00,Sold Out
The captain is Dead: Dangerous Planet,36.98,-1.00,Sold Out
The Champion of The Wild,23.99,23.99,Sold Out
The Climbers,50.99,-1.00,Sold Out
The Colonists,23.99,80.99,Sold Out
The Court of Miracles,31.99,-1.00,Add to Cart
The Crew: Mission Deep Sea,16.99,-1.00,Sold Out
The Crew: The Quest for Planet Nine,15.99,-1.00,Sold Out
The Dark Summer: Normandy 1944,44.99,-1.00,Sold Out
The Dark Valley: Deluxe Edition,59.90,-1.00,Sold Out
The Dragon Prince: Battlecharged,31.94,-1.00,Sold Out
The Dunwich Legacy Investigator Expansion,37.50,-1.00,Sold Out
The Estates,35.99,-1.00,Sold Out
The Expanse: Roll Playing Game,37.00,-1.00,Sold Out
The Final Girl: Miniatures Box Series 1,33.00,-1.00,Add to Cart
The Forgotten Age: Arkham Horror The Card Game,30.00,-1.00,Add to Cart
The Fox in the Forest Duet,16.00,-1.00,Sold Out
The Gallerist Complete Edition (including Scoring Expansion and Upgrade Pack),180.00,-1.00,Add to Cart
The Golden Ages,53.40,-1.00,Sold Out
The Great Wall,139.00,-1.00,Add to Cart
The Grimm Forest,34.77,-1.00,Sold Out
The Grizzled: Armistice Edition,37.58,-1.00,Sold Out
The Hunted,44.97,-1.00,Sold Out
"The Hunters: German U-Boats at War, 1939-43",41.99,-1.00,Sold Out
The Initiative,47.84,-1.00,Sold Out
The Island of El Dorado (KS Edition),70.00,-1.00,Sold Out
The Isle Of Cats,45.00,-1.00,Add to Cart
The Ketchup Mechanism & Other Ideas,145.00,-1.00,Sold Out
The King is Dead 2nd Edition,26.47,-1.00,Sold Out
The Kings Dilemma,59.99,79.99,Sold Out
The Ladies of Troyes,32.00,-1.00,Sold Out
The Little Flower Shop,16.99,-1.00,Sold Out
The Loop,38.93,-1.00,Sold Out
The LOOP: The Revenge of Fauxzilla,28.30,-1.00,Sold Out
The Lord of the Rings: Journeys in Middle-earth,78.68,-1.00,Sold Out
The Lord of the Rings: Journeys in Middle-Earth – Spreading War Expansion,68.99,-1.00,Sold Out
The Lost Expedition,21.50,-1.00,Sold Out
The Magnificent,38.46,-1.00,Sold Out
The Manhattan Project: Energy Empire,59.99,-1.00,Sold Out
The Manhattan Project: Energy Empire – Cold War,65.99,-1.00,Sold Out
The Mansky Caper,29.99,-1.00,Add to Cart
The March Of Progress,18.50,-1.00,Sold Out
the masters' trials,18.40,-1.00,Sold Out
The Ming Voyages,18.99,-1.00,Sold Out
The Networks,37.40,-1.00,Sold Out
The Networks: Executives,23.99,-1.00,Sold Out
The One Hundred Torii,35.38,-1.00,Add to Cart
The Others : Greed Box,13.49,-1.00,Sold Out
The Others: 7 Sins – Envy Expansion,25.99,-1.00,Add to Cart
The Path to Carcosa: Arkham Horror The Card game,25.00,-1.00,Add to Cart
The Quacks of Quedlinburg: The Alchemists,22.99,-1.00,Sold Out
The Quacks Of Quedlinburg: The Herb Witches Expansion,16.49,-1.00,Sold Out
The Rival Networks,24.84,-1.00,Add to Cart
The River,27.50,-1.00,Add to Cart
The Road to Innsmouth,41.70,-1.00,Add to Cart
The Search for Planet X,42.50,39.99,Add to Cart
The Shining: Escape from the Overlook Hotel,25.94,-1.00,Add to Cart
The Taverns Of Tiefenthal,27.88,-1.00,Sold Out
The Thing: Norwegian Outpost,52.00,-1.00,Add to Cart
The Thing: The Boardgame,70.50,-1.00,Add to Cart
The West Kingdom Tomesaga,24.54,-1.00,Add to Cart
The Wolves,51.00,-1.00,Sold Out
Things From the Flood,29.58,-1.00,Sold Out
This war of Mine : Tales from the Ruined City,22.50,39.99,Sold Out
This War Of Mine: The Board game,53.99,65.00,Sold Out
Through The Ages: A new story of Civilization,42.99,-1.00,Sold Out
Through the Ages: New Leaders and Wonders,23.18,-1.00,Sold Out
Throw Throw Burrito,28.99,-1.00,Sold Out
Thug Life the Game,44.99,-1.00,Sold Out
Thunderstone Quest,59.99,-1.00,Sold Out
Ticket To : London,18.00,-1.00,Sold Out
Ticket To Ride,32.60,-1.00,Sold Out
Ticket To Ride : Map Expansion Asia 1,25.94,-1.00,Sold Out
Ticket To ride Germany,29.98,-1.00,Sold Out
Ticket to Ride Map Collection: Volume 6 – France & Old West,28.45,-1.00,Sold Out
Ticket to Ride Map Collection: Volume 7 – Japan & Italy,31.97,-1.00,Sold Out
Ticket To Ride New York,18.50,-1.00,Sold Out
Ticket To Ride: Europe,33.97,-1.00,Sold Out
Ticket to Ride: Europe – 15th Anniversary,70.00,-1.00,Add to Cart
Ticket To Ride: Rails & Sails,63.99,66.99,Sold Out
Tiletum,48.00,-1.00,Add to Cart
Time Arena,13.50,-1.00,Sold Out
"Time of Crisis: The Roman Empire in Turmoil, 235-284 AD",52.98,-1.00,Sold Out
Time Stories,36.90,-1.00,Add to Cart
TIME Stories : Lumen Fidei,22.99,-1.00,Add to Cart
Time Stories : Madame No 9,17.13,-1.00,Sold Out
TIME Stories Revolution: A Midsummer Night,25.99,28.99,Add to Cart
TIME Stories Revolution: Experience,15.00,-1.00,Add to Cart
TIME Stories Revolution: The Hadal Project,22.97,-1.00,Add to Cart
Times Up Party UK,17.65,-1.00,Sold Out
Timewatch RPG,34.99,-1.00,Sold Out
Tinners' Trail,32.99,-1.00,Sold Out
Tiny Epic Dinosaurs,26.94,-1.00,Sold Out
Tiny Epic Galaxies,24.94,-1.00,Sold Out
Tiny Epic Kingdoms: 2nd Edition,25.79,-1.00,Add to Cart
Tiny Epic Mechs,25.99,-1.00,Sold Out
Tiny Epic Pirates,25.99,-1.00,Add to Cart
Tiny Towns,49.00,-1.00,Add to Cart
Tiny Towns: Fortune,31.99,-1.00,Add to Cart
Tiwanaku,51.00,-1.00,Add to Cart
Tokaido Deluxe 5th Anniversary,61.99,-1.00,Add to Cart
Tokyo Highway,30.98,-1.00,Sold Out
Too Many Bones,149.00,-1.00,Sold Out
Too Many Bones Undertow,100.00,-1.00,Sold Out
"Too Many Bones, Splice & Dice",75.00,-1.00,Sold Out
Tournament at Avalon,27.99,-1.00,Sold Out
Traders & Barbarians: Settlers of Catan Expansion,37.50,-1.00,Sold Out
Trail of Cthulhu,24.99,-1.00,Sold Out
Traintopia,24.99,-1.00,Add to Cart
Trajan,48.99,-1.00,Sold Out
Transatlantic,49.99,59.99,Add to Cart
Transformers 1000 Piece Puzzle,21.50,-1.00,Sold Out
Trapwords,18.00,-1.00,Sold Out
Treasure Island,41.80,-1.00,Sold Out
Treasure Island: Captain Silver – Revenge Island,22.99,-1.00,Add to Cart
Trickerion: Legends of Illusion,59.99,-1.00,Sold Out
Tricky Tides,25.39,-1.00,Add to Cart
Trismegistus: The Ultimate Formula,29.99,-1.00,Sold Out
Trollfjord,28.00,-1.00,Add to Cart
Troyes,30.50,-1.00,Add to Cart
Trudvang Legends,94.99,-1.00,Add to Cart
Tsuro: Phoenix Rising,29.94,-1.00,Sold Out
Tudor,44.99,-1.00,Add to Cart
Twilight Imperium (Fourth Edition): Prophecy of Kings,78.99,-1.00,Sold Out
Twilight Imperium 4th Edition,132.00,149.99,Sold Out
Twilight Inscription,50.89,-1.00,Sold Out
Twilight Struggle,55.99,64.99,Sold Out
Twilight Struggle : Turn Zero,24.99,-1.00,Sold Out
Twilight Struggle: Red Sea – Conflict in the Horn of Africa,46.50,-1.00,Sold Out
Two-Headed Serpent: A Pulp Cthulhu Campaign for Call of Cthulhu (Call of Cthulhu Rolpelaying),31.98,-1.00,Sold Out
Tybor The Builder,10.98,-1.00,Sold Out
Tyrants of the Underdark,38.49,-1.00,Sold Out
Tzolkin: The Mayan Calendar,33.44,-1.00,Sold Out
U-Boot Latex Mat,24.99,-1.00,Add to Cart
U-Boot The Board Game: Resin Miniatures Pack,50.99,-1.00,Sold Out
Ultimate Railroads,87.99,-1.00,Sold Out
Ultimate Werewolf,15.99,-1.00,Sold Out
Ultimate werewolf legacy,18.97,44.48,Sold Out
Umbra Via,29.29,-1.00,Add to Cart
Unbroken,35.00,-1.00,Sold Out
Undaunted Normandy,24.89,-1.00,Sold Out
Undaunted: Battle of Britain,39.00,-1.00,Add to Cart
Undaunted: North Africa,26.50,-1.00,Sold Out
Undaunted: Reinforcements,33.99,-1.00,Sold Out
Undaunted: Stalingrad,78.00,-1.00,Sold Out
Under falling Skies,33.00,-1.00,Sold Out
Underwater Cities,57.99,-1.00,Sold Out
Underwater Cities: New Discoveries,44.94,-1.00,Sold Out
Unearth,26.99,-1.00,Sold Out
Unearth : The Lost Tribe Expansion,18.50,-1.00,Sold Out
Unfair,39.67,-1.00,Sold Out
Unfathomable,65.99,-1.00,Sold Out
Unfinished Case of Holmes,21.99,-1.00,Sold Out
Unlock! Exotic Adventures,19.58,-1.00,Add to Cart
Unlock! Game Adventures,30.00,-1.00,Add to Cart
Unlock! Heroic Adventures,23.00,-1.00,Sold Out
Unlock! Star Wars Escape Game,32.50,-1.00,Add to Cart
Unlock! Timeless Adventures,27.99,-1.00,Add to Cart
Unlock: Mythic Adventures,27.00,-1.00,Sold Out
Uno,9.89,-1.00,Sold Out
Unstable Unicorns : Dragon Expansion,17.10,-1.00,Sold Out
Until Daylight,34.84,-1.00,Add to Cart
Untold: Adventures Await,18.00,25.00,Sold Out
Valley of The Kings : Premium Edition,50.40,-1.00,Sold Out
Valley of the Kings Afterlife,21.69,-1.00,Sold Out
Valor & Villainy: Minions of Mordak,35.87,-1.00,Add to Cart
Vampire: Anarch,29.99,-1.00,Add to Cart
Vampire: Camarilla,27.99,-1.00,Sold Out
"Vampire: The Masquerade, Slip Case Set",99.00,-1.00,Sold Out
Vast: Crystal Caverns,51.50,-1.00,Sold Out
Vast: The mysterious Manor,59.99,-1.00,Sold Out
VektoRace,29.98,-1.00,Sold Out
Verdant,38.00,-1.00,Sold Out
Versailles 1919,66.99,-1.00,Sold Out
Vienna Connection,31.00,-1.00,Sold Out
Vikings Gone Wild,53.00,-1.00,Add to Cart
Village,18.37,-1.00,Sold Out
Village 2nd Edition - Big Box,67.00,-1.00,Add to Cart
Village Green,17.89,-1.00,Sold Out
Villagers,24.94,-1.00,Sold Out
Villagers: Expansion Pack,11.99,-1.00,Sold Out
Villainy,14.99,-1.00,Add to Cart
Vindication,90.80,-1.00,Add to Cart
Vinhos Deluxe Edition,98.99,129.99,Sold Out
Virtù,66.00,-1.00,Add to Cart
Viscounts Of the west Kingdom,43.94,-1.00,Sold Out
Viticulture Board Game: Tuscany Essential Edition,23.30,-1.00,Sold Out
Viticulture Essential edition,39.20,-1.00,Sold Out
Viticulture World: Cooperative Expansion,32.00,-1.00,Sold Out
Volcanic Isle,38.90,-1.00,Add to Cart
Votes for Women,72.00,-1.00,Add to Cart
Walls Of York,26.89,-1.00,Add to Cart
War Chest,44.10,-1.00,Sold Out
War Chest: Nobility,22.30,-1.00,Sold Out
War Chest: Siege,22.18,-1.00,Sold Out
War of The Ring,71.54,-1.00,Sold Out
War of the Ring: The Card Game,36.00,-1.00,Sold Out
War of The Worlds : The New Wave Game,32.22,-1.00,Sold Out
"Warhammer 40,000: Heroes of Black Reach",39.99,-1.00,Sold Out
WarLock Tiles: Dungeon Tiles 1,79.00,-1.00,Sold Out
Warp's Edge,34.99,-1.00,Sold Out
Wasteland Express Delivery Service,54.44,-1.00,Sold Out
Watch,41.60,-1.00,Add to Cart
Watergate,33.00,34.99,Sold Out
Watergate: White Box Edition,26.88,-1.00,Sold Out
Wavelength,28.00,-1.00,Sold Out
Way of The Panda,50.40,-1.00,Add to Cart
Wayfinders,29.94,-1.00,Sold Out
We Care: A grizzled game,22.00,-1.00,Add to Cart
Weather Machine,199.00,-1.00,Add to Cart
Weaver of The Cosmos: Arkham Horror LCG,16.99,-1.00,Add to Cart
Welcome expansion,10.00,-1.00,Add to Cart
Welcome to the Moon,33.70,-1.00,Sold Out
Welcome To...: Doomsday Thematic Neighborhood,10.18,-1.00,Sold Out
Welcome To...: Outbreak Thematic Neighborhood,10.98,-1.00,Sold Out
Wendake,43.83,-1.00,Add to Cart
Werewords Deluxe Edition,29.90,-1.00,Sold Out
Western Legends,47.96,60.00,Sold Out
Western Legends: Blood Money,24.00,-1.00,Add to Cart
When I Dream,25.99,-1.00,Add to Cart
Whirling Witchcraft,39.99,-1.00,Sold Out
Whistle Mountain,65.99,-1.00,Sold Out
Whistle Stop,47.99,-1.00,Sold Out
Wildlands,48.99,-1.00,Add to Cart
Wildlands : The unquiet dead,18.00,-1.00,Add to Cart
Wildlands: The Ancients,33.99,-1.00,Sold Out
Wing Leader : Victories 1940-1942,58.00,-1.00,Sold Out
Wingspan,39.94,-1.00,Sold Out
Wingspan : European Expansion,23.50,-1.00,Sold Out
Wingspan: Oceania Expansion,25.99,-1.00,Sold Out
Wise Guys,32.00,-1.00,Add to Cart
Wits & Wagers Deluxe Edition,34.99,-1.00,Sold Out
Wok Star,25.47,-1.00,Add to Cart
Wonder Book,54.50,-1.00,Add to Cart
Wordsmith,27.99,-1.00,Add to Cart
Wordsy,21.97,-1.00,Sold Out
World of Warcraft: Wrath of the Lich King,45.50,-1.00,Add to Cart
Wulfsburg : Zombicide Black Plague,43.30,-1.00,Sold Out
X-Wing Second Edition,30.99,-1.00,Sold Out
Xcom,47.99,59.99,Sold Out
Yamatai,38.99,-1.00,Sold Out
Yellow & Yangtze,42.99,-1.00,Sold Out
Yucatan,73.00,-1.00,Sold Out
Zombicide,39.98,79.99,Sold Out
Zombicide (2nd Edition),82.60,-1.00,Sold Out
Zombicide : Black Ops,45.94,-1.00,Sold Out
Zombicide Black Plague,85.00,99.99,Sold Out
Zombicide: Friends and Foes,42.20,-1.00,Sold Out
Zombicide: No Rest for the Wicked,48.99,49.99,Sold Out
Zombicide: Undead or Alive,96.00,-1.00,Add to Cart
Zombie Kidz Evolution,19.83,-1.00,Sold Out
